NO,Longitude,Latitude,Resources
3867,40.7084,116.82935,73
6360,39.88337,116.42202,59
6816,39.95348,116.50382,89
5571,40.07643,116.42298,86
8095,40.13469,117.11723,62
7822,39.96714,116.39703,58
2735,39.90406,116.36743,93
5261,39.98459,116.32444,22
982,39.9567,116.37241,70
7331,39.93227,116.44447,67
2730,39.89164,116.40756,73
1943,39.92162,116.28995,42
426,39.94744,116.37473,51
1490,39.8974,116.35269,83
1769,39.88951,116.27796,46
8030,39.96691,116.36929,87
7363,41.18427,116.48313,44
9264,39.98176,116.30657,61
2963,40.10879,117.11689,76
7424,39.91117,116.5169,89
7418,39.89412,116.41227,75
942,40.11727,116.24533,75
5387,39.8924,116.26764,47
3668,39.79428,116.93214,60
444,39.94497,116.33805,90
4368,39.93498,116.41161,52
615,39.8216,116.44774,91
1048,39.93936,116.39952,32
250,39.84895,116.42034,28
7091,40.05362,116.32255,76
9814,40.08795,116.57661,60
2932,39.8569,116.42282,36
4745,39.96924,116.35953,51
5734,40.11495,116.67477,81
4515,40.04377,116.20494,21
8075,39.8342,116.37687,84
7222,39.61717,116.61243,53
7257,40.09671,117.02191,84
5913,39.95175,116.419,28
5681,39.93679,116.33436,52
956,40.00729,116.69574,27
1028,40.09086,116.77679,86
3589,40.00974,116.49487,34
9367,39.84761,116.42748,53
2400,39.98926,116.32706,78
7027,39.83705,116.1992,82
7460,40.41815,116.9769,77
4951,40.04448,116.59316,52
7150,39.95186,116.45461,55
1326,39.97087,116.41058,24
3755,39.98493,116.42474,75
9730,39.99424,116.44236,36
266,39.89688,116.34765,76
5750,40.15586,116.5753,51
4147,39.88798,116.32986,29
6379,39.83255,116.37798,52
8486,39.90915,116.42942,51
7628,40.13129,116.27742,22
6458,39.95139,116.44608,30
9186,39.60003,115.97237,44
299,40.15393,117.11536,74
200,40.08162,116.43524,93
3959,39.89087,116.33552,82
4497,39.89253,116.25657,34
356,39.8925,116.26758,39
6689,39.96297,116.33569,31
7873,39.95279,116.37309,39
761,39.85544,116.33899,84
6973,39.92439,116.42808,39
6674,40.07276,116.42676,33
8479,39.9536,116.43467,21
1241,39.9212,116.49276,44
7730,39.79279,116.37167,86
411,40.04655,116.51496,58
5210,39.90597,116.30019,89
4079,39.96162,116.43089,79
720,39.84691,116.3877,98
2464,39.9325,116.47506,25
5532,39.93678,116.34565,22
7317,39.9748,116.45625,54
4123,39.8106,116.72634,88
675,40.14396,117.07873,74
8966,40.17123,117.04896,65
5729,39.8461,116.43919,84
8236,39.87394,116.49954,82
593,39.87817,116.46452,79
6579,39.92288,116.4182,36
4502,39.72048,116.14502,37
898,39.88388,116.29655,87
220,39.96653,116.3471,88
2886,40.09311,117.03334,85
344,39.88221,116.29711,31
9503,39.93257,116.466,86
3111,39.95026,116.35165,95
7368,39.9146,116.46622,26
2466,40.13513,117.08498,91
7379,39.82904,116.4498,90
2608,39.27056,115.78689,33
3775,39.93431,116.49364,56
4269,40.16258,116.63818,75
857,39.67133,116.71726,91
9674,39.94594,116.30176,69
3266,39.94763,116.42647,52
8843,39.86106,116.3419,67
2921,39.90728,116.47025,49
1456,39.90765,116.45642,24
5591,39.94764,116.31868,32
2292,39.98297,116.49772,36
2293,39.96104,116.52846,93
4805,39.94806,116.54422,33
757,39.98196,116.41364,29
3616,40.39477,116.87979,76
5941,39.90733,116.46345,28
3990,39.99544,116.27818,100
8919,40.12282,117.01941,65
9350,39.91112,116.16239,96
8262,39.98013,116.31052,57
438,39.96593,116.32227,93
4473,39.83785,116.39109,33
160,39.9253,116.4284,69
3573,40.021,116.4442,58
5825,40.07184,116.56512,59
2163,40.02286,116.33376,47
5161,39.86389,116.2715,37
8046,39.8865,116.33395,29
8458,39.72272,116.65169,20
6287,39.9241,116.41106,23
2032,39.93198,116.39688,94
6276,39.88207,116.36466,37
8822,39.97185,116.48274,87
252,40.5622,116.91289,64
5188,40.11136,116.55451,49
6478,40.21023,116.24631,87
9215,39.90019,116.37857,90
3583,40.02885,116.26792,56
9549,40.17132,117.03713,23
2055,40.00226,116.67219,48
7001,39.91137,116.35111,61
7866,39.86074,116.37331,97
6248,39.88861,116.44848,21
1319,39.96881,116.31397,85
9294,40.11799,116.53737,29
8740,39.90807,116.45568,80
7366,40.09482,116.29093,84
7004,39.91625,116.45559,47
5926,39.94848,116.45571,39
1483,40.19517,116.46747,27
4496,39.96099,116.49257,23
6615,39.71879,116.07894,65
2675,39.93996,116.44647,83
1378,39.86957,116.3533,43
9577,39.91266,116.35869,56
9262,39.94135,116.3457,95
6324,39.98829,116.35926,32
8270,40.24067,116.52527,86
2512,40.12941,116.69933,94
5749,40.14492,116.80984,69
9384,40.02158,116.51537,90
2359,39.9138,116.4833,92
5572,40.01116,116.49214,34
9327,39.98968,116.3998,24
3558,39.97946,116.47379,62
1843,39.967,116.38218,50
8644,40.04739,116.32846,28
1860,39.96821,116.39563,99
8906,40.1473,117.04547,67
51,39.912,116.33394,88
5175,40.06832,116.58157,62
7787,39.71861,116.05547,22
1412,39.86775,116.54455,77
5933,39.88774,116.36767,65
9510,40.01349,116.34598,39
9400,39.79643,116.4738,84
5527,39.8398,116.31434,80
3301,39.74148,116.33902,25
5227,39.90756,116.4431,48
6959,39.98143,116.44798,58
244,39.90568,116.31517,55
3714,40.11493,116.67945,24
1006,39.86207,116.48179,58
4592,39.85555,116.40269,87
238,39.89936,116.48261,24
1299,39.89334,116.43802,90
92,39.90014,116.36101,98
1813,39.97833,116.401,39
3383,40.0361,116.25866,48
1070,40.00653,116.47007,62
2792,39.72393,116.1082,22
5602,39.93323,116.43191,53
1834,39.93139,116.35835,83
312,39.88278,116.32044,49
9183,39.93468,116.41965,22
6078,40.0572,116.51763,43
1044,39.9454,116.4441,58
7319,39.8919,116.44669,68
6890,39.90426,116.33721,64
8598,40.04067,116.57255,76
1428,40.06463,116.65008,44
1317,39.8952,116.46672,47
1213,39.99498,116.46779,73
2198,39.95992,116.73486,27
5994,39.93021,116.33777,87
7421,40.17864,117.0929,55
6227,39.64141,116.06493,74
2118,39.98897,116.29332,81
1782,39.87487,116.44831,39
6781,39.73342,116.56366,73
3918,39.98132,116.48767,64
6343,39.86329,116.40808,89
883,40.00802,116.4107,39
1830,39.94644,116.45536,43
4299,39.74349,116.12145,77
5330,40.08169,116.25299,81
1280,40.48987,116.81523,30
82,39.8881,116.35945,65
3304,39.69287,116.56789,88
846,40.13409,116.63589,93
3162,39.98025,116.30747,41
9430,39.89298,116.4068,78
1240,39.89193,116.27045,39
6013,39.94027,116.26811,28
1132,40.07852,117.14137,57
6515,39.91013,116.35735,50
1892,40.03359,116.20355,63
7272,39.81075,116.3709,71
4953,39.87208,116.40415,33
8346,39.9671,116.39229,50
7177,39.92253,116.29315,85
2069,39.92702,116.34333,73
9520,39.8579,116.3414,65
2937,39.88862,116.3196,90
5921,39.73866,116.14351,96
5682,39.88376,116.30478,58
6198,39.65569,116.62019,80
9948,39.89189,116.27155,25
9946,39.96485,116.31552,58
5303,40.13885,116.74438,96
2930,39.83315,116.63365,89
8442,39.95884,116.43346,66
815,39.90964,116.44414,66
9002,39.8747,116.49003,93
2894,40.45718,116.85044,29
1706,39.85115,116.28021,47
8886,39.69064,116.48862,96
8053,40.00339,116.73743,41
952,39.91462,116.46521,93
1302,39.93262,116.46651,82
2191,39.94601,116.43278,65
1795,39.86158,116.40765,54
8865,0.0,0.0,90
9947,39.93965,116.44373,30
7667,39.88096,116.38118,22
6262,0.0,0.0,67
7639,39.8954,116.41243,38
8491,39.85031,116.54311,49
6258,40.14755,117.12858,52
2854,39.92232,116.41158,89
1094,39.66432,116.51748,32
5275,39.90357,116.48327,70
5485,39.85859,116.29409,54
2446,40.37515,116.85277,83
2141,40.35157,116.86921,37
7791,39.83936,116.37262,69
5203,39.89598,116.31695,87
6614,40.07555,116.58338,62
3800,39.96735,116.40412,59
3632,39.9647,116.49746,55
8986,39.88251,116.41433,20
6931,39.85497,116.36268,86
6800,39.96639,116.32964,92
9516,39.98493,116.36328,31
4856,39.89513,116.31409,34
621,39.99383,116.40142,41
6905,39.88333,116.35747,92
2364,39.11038,117.17968,65
5084,39.6767,115.95743,68
1180,39.92941,116.15345,74
1815,39.89195,116.48353,30
2931,39.86974,116.38128,21
3979,39.79046,116.39108,87
5561,40.07718,116.5865,57
4237,39.77466,116.77212,59
7526,39.90589,116.42936,26
9668,39.90181,116.63097,60
2671,40.01036,116.50915,70
3229,39.99995,116.46664,26
5628,39.86369,116.34213,82
738,39.90616,116.25236,91
7244,39.95948,116.49183,29
7765,39.87383,116.65413,97
2200,39.97038,116.49166,60
838,40.0438,116.22844,56
2573,39.88812,116.35282,83
8377,39.67118,116.10308,72
5263,39.90607,116.29884,41
1865,39.84646,116.36098,92
3451,39.99232,116.3597,22
5899,40.1171,116.4095,42
7057,40.00321,116.57343,85
9130,39.92829,116.339,100
3407,39.88526,116.62975,30
8999,39.93368,116.31927,73
7976,39.93907,116.35182,87
1455,39.99211,116.3513,86
3518,39.90594,116.66848,41
4867,40.07086,116.56709,24
8976,39.89926,116.41248,39
3684,39.98574,116.34291,41
6092,39.87046,116.40062,59
4516,39.90394,116.60628,54
8551,39.90333,116.42085,50
3113,40.04978,116.31817,63
6067,39.79393,116.494,59
4057,40.38384,116.86227,34
308,39.84382,116.43931,56
6072,39.93017,116.49327,21
819,40.0798,116.58538,40
8639,39.91663,116.58373,64
9497,40.0765,116.32197,68
2471,39.86083,116.37791,50
6279,39.96233,116.42973,60
3966,39.98745,116.33406,33
6361,40.11492,116.65966,61
3624,39.92592,116.32813,41
4495,39.89558,116.31061,96
766,39.9003,116.63977,77
8138,39.99108,116.32685,34
9734,39.86015,116.42557,86
6311,39.93096,116.2979,63
4536,38.04289,114.51654,61
7991,40.03266,116.34835,75
6431,39.93254,116.47684,29
2626,39.89561,116.31644,71
5452,40.50359,117.14884,76
7102,39.75635,116.68268,61
2492,40.23715,116.39442,81
4098,39.9013,116.47175,52
3710,39.95676,116.28573,90
9309,39.84257,116.39089,25
5076,40.07793,116.58034,59
3916,39.94163,116.3455,56
8864,39.91444,116.46171,43
9901,39.98558,116.34305,24
2477,40.24409,117.04266,87
6896,39.61225,116.50048,71
6822,39.9306,116.22628,31
3814,39.93847,116.55149,80
9265,0.0,0.0,63
4789,39.8625,116.31311,55
4884,40.14131,117.10501,27
7879,39.93193,116.2901,62
6542,39.70263,115.98173,42
3068,39.90005,116.4091,73
3059,39.82124,116.5053,44
4717,39.80379,116.40751,66
2539,39.91327,116.45587,46
3740,39.83937,116.39089,31
8710,39.87721,116.27807,32
5446,40.37242,116.82179,60
3783,38.85954,115.04652,83
7117,39.94591,116.48396,45
6574,39.6015,116.32212,81
5208,40.04614,116.31366,48
7127,39.91621,116.69184,78
2288,40.06226,116.55534,37
9308,39.88303,116.45352,80
128,39.92707,116.3226,55
3432,39.89193,116.44966,77
4553,39.92082,116.44544,77
5703,39.95306,116.45307,61
8762,40.14427,117.1011,73
2028,39.8627,116.25822,42
9761,40.06873,116.56247,97
9581,39.96433,116.43635,87
4037,39.83185,116.29315,50
4224,39.8945,116.33633,34
3872,39.96068,116.453,88
7003,40.56709,116.02765,37
9313,39.98655,116.41772,66
8169,39.90932,116.53827,92
467,39.95124,116.35523,89
4709,39.89788,116.43458,84
3651,39.87172,116.35483,29
8019,39.92702,116.49593,65
429,39.90152,116.68412,53
4410,39.88812,116.42109,22
3708,39.97515,116.38803,81
536,39.91719,116.46105,53
5875,39.97513,116.3266,53
4582,39.9751,116.32655,83
170,39.88783,116.36965,29
6703,39.87832,116.30511,94
962,40.06177,116.34084,31
6477,39.80888,116.33552,56
5186,39.96985,116.48375,62
6581,39.90815,116.56832,53
990,40.0193,116.46215,87
2404,39.98821,116.55911,73
7614,39.92044,116.4202,83
484,39.84865,116.65659,45
6440,39.63978,116.5847,38
3562,40.02942,116.55714,29
403,39.90833,116.39912,75
8964,39.92179,116.42009,40
5481,39.9133,116.37245,85
3330,39.86074,116.38478,52
346,39.97783,116.29462,64
6091,39.88654,116.44803,93
3806,39.91319,116.3704,86
4363,40.14758,117.2138,86
7052,39.89249,116.52484,77
8434,40.15787,116.97369,49
2167,39.96688,116.29111,68
8216,39.90707,116.31555,30
3196,39.98946,116.48395,26
1525,39.96748,116.46045,85
1590,39.99575,116.45637,86
3177,39.89883,116.38797,34
547,40.18487,117.1854,67
7898,39.94667,116.59134,66
8327,39.93233,116.45,69
6526,39.982,116.40745,43
2964,40.3875,116.74236,94
7175,39.90136,116.34649,55
8522,39.91369,116.40671,91
2190,40.38074,116.85173,51
6142,39.90601,116.37023,47
4773,39.88134,116.44296,28
3183,39.90685,116.47311,48
7312,39.91396,116.4133,82
3083,39.96392,116.45662,43
7083,39.9149,116.34747,91
963,39.87099,116.46102,93
7515,39.77101,116.52067,24
9074,39.92814,116.24423,53
9048,40.0317,116.25989,43
6978,39.90724,116.46089,37
7594,39.84907,116.38073,32
3464,39.9421,116.3731,70
7200,39.97337,116.55713,81
6302,40.15534,117.11036,24
2636,40.46576,115.97416,99
5900,39.85768,116.43869,35
1995,39.92574,116.46676,77
4898,39.92532,116.47862,81
1896,39.974,116.3747,29
6419,39.97385,116.46595,68
9198,39.88812,116.22934,60
2678,40.12259,117.08772,42
397,40.14048,117.09321,83
5557,40.32177,116.62158,95
2155,39.99417,116.46745,31
9439,39.97595,116.52713,52
8891,40.07214,116.5649,85
2397,39.90575,116.30123,51
9952,39.98731,116.34747,82
2615,39.84623,116.42713,78
4046,39.91332,116.42066,77
4765,40.06332,116.57081,86
3883,39.90712,116.43004,41
1491,40.20502,116.55957,92
8960,39.918,116.43477,94
1509,40.35568,116.79408,84
3057,39.89206,116.42975,87
5321,39.90275,116.35705,67
4498,40.13242,117.10028,60
2371,39.86023,116.42551,60
2389,39.90218,116.43853,79
8144,39.86263,116.43091,52
1367,39.85124,116.36975,23
4150,39.74459,116.4486,76
1733,39.9384,116.40503,82
4311,39.86508,116.28833,62
331,40.11759,116.40654,21
361,39.61527,116.48571,90
957,40.00991,116.49694,49
4891,39.95436,116.43404,39
9751,40.00377,116.34721,63
1083,39.89161,116.41336,39
1517,40.04178,116.5735,48
8022,39.91278,116.49633,79
7475,39.91085,116.4851,42
8831,39.9207,116.45894,79
4158,39.90747,116.30327,65
6654,39.89108,116.37496,83
4477,39.90258,116.2251,83
712,39.96796,116.42563,43
3076,39.84325,116.42274,82
4677,40.00388,116.3625,30
3627,39.95745,116.52275,75
2947,39.75188,116.29736,89
2677,39.90267,116.44615,49
5973,39.88844,116.27315,40
2441,40.56258,117.00054,70
8723,39.93662,116.52746,44
5736,39.84189,116.41646,95
7400,39.92183,116.49132,61
2674,39.91961,116.35021,100
8166,39.91175,116.60441,34
7122,39.97003,116.48297,87
8751,39.92296,116.34704,86
6080,40.09227,116.51113,39
2159,39.87275,116.40677,61
3761,39.74185,116.33328,57
8013,40.03117,116.41115,47
2895,40.00702,116.41056,61
5136,39.91258,116.35056,85
9892,39.79774,116.42144,40
435,39.97497,116.53823,41
101,39.94311,116.29916,54
1689,40.16592,117.15903,43
4557,39.89319,116.38552,52
6208,39.80847,116.44482,59
428,39.73375,116.33092,77
6166,39.96653,116.33648,51
4872,40.13263,117.10911,57
648,40.04276,116.30393,90
3470,39.884,116.38903,67
141,39.92397,116.43981,84
5280,39.97974,116.32494,70
5969,39.92039,116.42824,56
4087,39.77327,116.57104,81
7724,40.06173,116.58261,54
9515,39.97132,116.39492,85
3244,40.03307,116.34547,47
9916,39.84937,116.35583,81
2272,39.8605,116.34105,100
8923,39.60232,116.08425,54
8428,39.84629,116.4097,81
560,39.92421,116.34975,74
579,39.91488,116.50423,46
9595,39.89145,116.4001,39
5006,39.78463,116.18625,84
5044,39.91693,116.45794,32
36,39.91035,116.30665,36
8874,39.9154,116.53842,66
8408,40.2745,116.91851,25
6669,39.94393,116.42718,39
7464,39.85795,116.39607,100
7467,39.89082,116.39565,53
6162,39.92259,116.42781,26
2064,39.96624,116.32817,92
1787,40.14073,116.64925,55
9004,39.98852,116.43892,81
1980,40.13183,116.27647,61
8763,39.8959,116.30753,51
9052,39.88632,116.31068,93
7237,39.95447,116.37292,21
9608,39.88871,116.26755,34
5352,39.98347,116.477,38
6417,40.06073,116.58268,60
4003,39.88641,116.41288,48
2169,40.43451,116.02919,33
5211,39.99716,116.08965,47
9151,39.8984,116.30433,94
7623,39.97806,116.33506,76
5983,40.37233,116.92828,63
9649,39.74086,116.3149,71
4925,39.8959,116.41122,97
9428,39.88484,116.42674,38
3721,40.304,116.62331,22
5619,39.97818,116.46163,99
5197,39.92267,116.30556,20
4597,39.80468,116.43207,54
8004,40.01028,116.50447,59
8582,39.86092,116.43005,96
3903,39.92572,116.4785,40
569,39.88793,116.37539,98
9448,39.88795,116.36992,24
1533,40.4671,116.73925,27
1285,40.06395,116.58238,30
52,39.93545,116.35734,57
7630,39.80314,116.43027,49
3077,39.93744,116.31915,65
8443,40.06103,116.5828,35
3505,39.94318,116.38775,38
289,40.0604,116.5871,100
8587,40.31653,116.63624,95
3892,0.0,0.0,56
4492,39.87252,116.3406,95
539,39.91385,116.48442,30
9597,39.95598,116.48015,82
1563,39.90608,116.34438,83
9332,39.90615,116.31275,76
7226,39.87175,116.45512,26
328,39.90863,116.35143,21
2290,40.10681,116.79409,52
1758,39.97045,116.4763,88
5786,39.89816,116.3602,86
5222,39.93697,116.53724,51
2642,39.95956,116.38896,67
697,39.89638,116.30638,57
3460,39.88117,116.36625,58
6935,40.02642,116.4084,89
8813,40.07428,116.32869,91
814,39.89649,116.34185,83
6661,39.99225,116.41099,31
4698,39.81765,116.46148,68
2534,39.9796,116.31382,34
9418,39.90398,116.60881,91
1004,39.95429,116.44344,59
517,39.95511,116.52765,27
1239,39.89842,116.41212,41
9567,39.97367,116.41137,74
5689,40.02307,116.75202,52
2043,40.0901,117.03409,49
8477,39.89179,116.46677,87
8180,40.00372,116.49863,24
6813,39.97671,116.33255,53
7896,39.99762,116.41104,90
4327,40.18028,117.14402,79
4604,39.95483,116.25389,92
9256,39.55595,116.03266,64
3882,40.11631,116.62124,76
2268,39.92603,116.2833,26
1077,39.93262,116.45583,86
7472,39.67555,116.24176,22
8423,40.18417,117.1437,32
9962,39.89363,116.63805,67
9701,39.95873,116.26899,84
2189,39.93188,116.38071,99
5968,39.95538,116.28215,98
2419,39.98344,116.31043,22
4457,40.07858,116.58658,54
9897,39.88911,116.65248,56
3404,39.91253,116.35958,81
125,39.96009,116.27658,41
2242,39.99792,116.34677,91
5408,39.89816,116.34022,93
9853,39.80906,116.16142,88
8537,39.8754,116.28227,27
5793,39.94215,116.34939,24
8252,40.5348,117.12402,78
6914,39.76678,116.4878,26
847,39.92378,116.37097,46
1579,39.97444,116.31164,42
174,40.34507,116.58749,86
4203,39.97744,116.40664,89
6769,40.07133,116.56516,25
1300,39.89615,116.33236,24
5226,39.90611,116.31431,61
8417,40.07098,116.565,75
7436,39.90702,116.41727,32
2748,39.80161,116.57594,84
294,39.89138,116.36915,84
2314,39.9343,116.35177,74
8178,39.90592,116.36303,48
7420,40.07461,116.31599,27
2516,39.94693,116.4279,74
5031,39.74887,116.32562,47
9044,39.86652,116.32219,21
906,39.98042,116.32826,78
4522,39.98481,116.33808,57
6221,39.7113,116.40418,96
5548,40.03148,116.34305,28
8313,39.86155,116.4109,58
8980,40.05539,116.3683,34
3066,39.91778,116.65972,64
3873,39.96531,116.4747,81
2729,39.93946,116.39688,87
3787,39.92252,116.30599,45
5835,39.77421,116.14158,98
7922,39.87053,116.46598,36
2652,39.89118,116.45512,29
6346,40.33074,116.63846,76
6147,40.36363,116.74045,97
4971,39.83909,116.37255,20
2697,39.95242,116.39245,26
8556,39.96752,116.42887,40
753,39.80113,116.4502,78
9410,39.87535,116.27039,57
530,39.89511,116.31674,28
9900,39.93725,116.33784,66
1453,39.96063,116.40587,60
7252,40.02777,116.4903,38
2095,39.87028,116.46153,40
2394,39.92293,116.43402,31
9073,39.90664,116.247,28
8665,39.73633,116.13616,62
6892,39.99185,116.33968,25
4907,39.85579,116.39801,55
5148,39.74926,116.31535,25
3634,39.91739,116.64375,67
2112,39.82268,116.36066,91
209,40.11871,116.6705,28
3638,39.97057,116.47337,45
1703,39.95391,116.46964,21
4814,40.4054,116.76735,54
248,0.0,0.0,78
2326,40.02017,116.34552,45
3320,39.73357,116.31924,81
5156,39.87712,116.36322,89
9421,40.03676,116.52555,87
6875,40.00151,116.41042,55
3142,39.94694,116.19296,36
4664,39.85999,116.49603,96
471,39.9492,116.48412,84
5214,39.7424,116.31379,70
706,39.74039,116.33169,80
1353,39.82539,116.44339,59
7948,33.76829,120.26775,65
2072,39.86464,116.42458,40
2365,39.90631,116.28896,74
9623,39.91142,116.30051,60
3024,39.87612,116.4511,95
7461,39.7204,116.57685,62
6259,39.87915,116.68228,72
86,39.85412,116.3771,89
7779,39.55888,115.87825,20
462,39.91261,116.33199,23
2287,39.91213,116.19676,60
2861,40.35972,116.67813,41
1045,40.01204,116.51101,44
7579,39.77437,116.00818,34
7756,39.93349,116.36497,40
1436,40.13928,117.09751,35
3871,39.886,116.37369,77
109,39.80147,116.09117,54
4615,39.88528,116.30818,65
5308,39.95554,116.38727,24
8437,40.19315,117.15552,89
4695,39.89394,116.4176,27
5127,40.38438,116.85387,54
4109,39.86131,116.39636,68
3315,40.04822,116.5817,83
875,40.00331,116.39836,48
7944,39.97835,116.46162,75
6530,40.02273,116.28751,76
2604,39.99917,116.45497,52
8268,39.89206,116.36137,91
9622,39.87942,116.46163,79
7591,40.3344,116.75943,90
6439,39.88006,116.30103,91
8220,39.89112,116.33936,47
7858,39.88099,116.29848,85
3414,39.96418,116.43114,99
2352,39.97548,116.47394,78
3729,39.84756,116.22584,82
480,39.92363,116.41787,63
4989,39.8939,116.32318,64
9288,40.21084,117.044,65
7362,39.92939,116.43046,48
4152,39.88166,116.62357,43
7562,39.99256,116.4141,51
7452,39.75918,116.68044,97
6224,39.92157,116.44471,42
7544,39.91482,116.41177,95
5134,39.90168,116.4704,73
8630,39.92553,116.4429,48
4729,39.93742,116.3464,80
4742,39.91816,116.48419,28
2402,39.88955,116.41246,86
6363,39.96967,116.41149,97
7969,40.12088,116.56674,79
7957,39.85987,116.40764,88
7967,39.80162,116.39527,84
201,39.74995,116.3335,66
2705,40.20976,116.48016,45
4970,40.14203,116.51165,90
6847,39.9136,116.48473,69
4360,39.89938,116.42682,42
1095,39.94545,116.37881,32
2320,39.91457,116.36751,86
3179,39.89184,116.40146,43
6960,40.15073,117.12001,100
6655,39.92891,116.75964,72
1730,40.00159,116.47005,71
1658,39.84626,116.21648,41
781,39.81278,116.03833,64
5315,39.8608,116.42904,23
1034,39.85243,116.42603,62
7492,40.03994,116.42243,46
1406,39.86462,116.28781,40
6738,40.06883,116.31534,49
3648,39.86452,116.41598,28
8613,39.9085,116.3039,49
3848,40.08826,116.27335,33
3825,39.7377,116.12887,77
737,39.68938,115.97648,72
3079,40.07775,116.58731,58
4704,40.08058,116.44297,76
8399,39.94735,116.36663,38
9741,39.93007,116.67332,26
2330,39.874,116.16998,77
577,39.90375,116.28127,64
9945,39.23556,116.26143,91
5070,39.8639,116.28815,38
9467,40.58375,117.00806,39
6514,39.95353,116.22245,20
8589,39.65992,116.66622,99
9736,40.13794,117.14181,83
5669,40.02595,116.28557,42
3056,39.8965,116.42798,94
5519,40.02148,116.27312,98
8765,39.97538,116.49713,55
4981,39.96079,116.34707,53
384,39.91095,116.3741,96
993,39.98509,116.47988,23
3050,39.92415,116.29502,69
3720,40.20088,117.05252,69
4744,39.9461,116.45985,50
8267,39.8668,116.32568,86
3610,39.7473,116.08329,40
2078,39.9679,116.4029,82
9913,39.80697,116.16316,60
3292,39.9555,116.31576,22
2370,39.87115,116.4486,93
4796,40.13921,116.62901,85
8362,39.90715,116.40544,46
9053,40.06974,116.58702,37
9348,39.95472,116.25411,88
1715,40.07203,116.34323,77
7161,39.88247,116.36091,52
8616,39.85281,116.42686,29
8433,39.91467,116.49991,51
7138,39.76273,116.44923,91
7442,39.87181,116.40851,63
3880,40.05377,116.58628,33
9574,39.78502,116.40906,62
571,40.11649,116.61193,29
2731,39.89659,116.31553,64
8163,40.2742,117.04377,26
1318,39.79483,116.17892,70
8576,40.41264,116.79018,93
4347,40.07837,116.33826,48
6648,39.90709,116.45265,41
1636,39.92892,116.28536,72
4699,39.86544,116.29286,74
9238,40.07125,116.56438,60
175,39.92267,116.47683,99
6062,39.89729,116.46108,64
2631,39.89445,116.4553,88
8298,39.92808,116.34985,47
5052,39.93795,116.406,79
2090,39.91668,116.28955,54
7136,39.93862,116.34584,60
9845,39.93953,116.75758,35
7857,40.07918,116.31552,58
2147,39.83807,116.46875,73
6591,40.12358,117.18355,32
551,39.91754,116.27725,50
6987,0.0,0.0,42
5487,39.92227,116.32019,29
9531,39.86983,116.37128,87
3381,39.90269,116.43027,27
2332,39.90644,116.45478,61
67,39.80839,116.127,82
8771,39.94837,116.41945,44
1532,39.92601,116.58297,55
5431,40.40218,116.92254,98
9539,39.92977,116.4502,62
1868,39.93614,116.29578,49
8603,40.03054,116.33091,56
5565,39.90284,116.36881,35
5575,39.92337,116.27192,86
87,39.9769,116.46671,94
8855,39.91786,116.42845,85
5086,39.97022,116.37301,32
4715,39.92599,116.1553,33
5050,40.08471,117.11554,83
4273,40.11661,116.60745,60
3543,39.89253,116.43705,78
3121,40.13892,116.74054,92
2663,39.87639,116.34716,72
4250,40.04724,116.32021,64
4628,39.93888,116.43798,81
3987,39.95778,116.29317,79
4988,39.86104,116.39321,73
255,39.93227,116.45899,34
162,39.89797,116.59655,57
5126,39.80636,116.43238,92
7441,40.07523,116.40493,46
5461,0.0,0.0,57
9099,39.79034,116.18275,43
4879,39.91749,116.45587,33
2228,39.85302,116.37656,49
3621,40.46029,115.99025,43
7276,39.89594,116.38819,41
1369,39.93981,116.43708,91
3072,39.88652,116.41143,74
850,39.94082,116.41934,73
2866,39.86135,116.34152,83
585,39.90393,116.48383,31
9109,40.06597,116.58212,64
9282,40.23665,115.21743,73
6585,39.78217,116.34128,90
4133,40.37349,116.69577,45
6430,39.93447,116.49523,22
8339,39.89566,116.30431,83
2863,0.0,0.0,21
3364,39.70026,116.21085,75
4531,39.93006,116.49044,53
2310,40.41992,116.44149,60
8817,39.91325,116.36714,84
1001,39.96275,116.43833,65
8942,39.93094,116.34679,46
3427,40.02197,116.34004,39
494,40.17781,116.65132,63
9263,39.96323,116.30937,63
9795,39.99097,116.3362,43
3866,39.9017,116.33195,41
2142,39.91044,116.55532,91
8450,39.91266,116.35787,64
5385,39.91152,116.5843,72
643,40.01052,116.50545,45
5396,39.99985,116.01787,68
5516,40.14403,117.06248,76
9631,39.87157,116.49273,39
3769,39.96588,116.29101,81
3887,39.89757,116.45561,58
6366,39.9295,116.46649,88
6334,40.07209,116.56591,92
8775,39.86091,116.44646,40
2860,39.85483,116.43282,24
9499,39.71866,115.9298,77
4818,39.91423,116.56707,51
5509,39.9072,116.42458,100
168,39.8599,116.34148,31
4176,39.9964,116.37677,26
8227,39.97153,116.38564,89
7607,39.94528,116.27516,20
8847,39.89075,116.33352,21
475,39.96786,116.44252,22
1610,40.01036,116.46364,86
5559,40.16252,117.15944,76
6456,39.95096,116.31096,84
555,39.86593,116.41523,84
9843,39.89576,116.30394,55
5142,40.1108,116.44983,51
1543,39.92974,116.47442,37
8690,39.827,116.86017,77
7153,39.92938,116.4663,74
5264,40.07578,116.58186,58
9135,39.9672,116.31733,26
7343,40.08058,116.40784,58
5596,39.90685,116.60512,50
1724,40.04948,116.71093,43
2643,39.90775,116.42138,82
189,39.91589,116.4287,84
3524,39.94022,116.52197,59
6516,40.03819,116.40508,52
3993,39.90866,116.38559,57
6569,39.94849,116.45765,73
4551,39.85441,116.5824,36
3163,40.07754,116.34387,33
9931,39.93524,116.36341,49
8595,39.88051,116.39262,29
7688,39.93356,116.30437,75
640,40.02976,116.55542,63
7524,39.92673,116.41661,25
2712,39.94141,116.34968,77
9490,39.9664,116.65766,70
1637,39.91415,116.40747,40
4025,39.94995,116.40209,25
9147,39.94746,116.40161,60
147,39.94396,116.35463,43
5649,39.87827,116.46151,46
9303,40.06652,116.31916,82
1766,39.93953,116.40566,100
2256,39.91704,116.33488,92
9844,39.87912,116.34704,57
7720,39.85744,116.4376,75
1810,39.91749,116.44431,95
1535,39.96638,116.33215,28
3468,39.98794,116.42685,71
8304,39.89501,116.31478,82
9944,39.84665,116.31639,64
1921,40.01733,116.5175,45
9117,39.91298,116.71041,54
8340,40.11991,116.66628,45
441,39.75828,116.1548,26
3752,39.87967,116.50187,83
820,39.90318,116.26786,57
3526,39.70658,116.60271,31
8294,39.83159,116.19217,61
6098,39.90262,116.21693,63
3493,39.91922,116.43524,97
5038,40.13485,117.18476,78
7528,39.85554,116.3917,99
6519,39.83785,116.45134,37
7733,39.99429,116.39937,43
2909,39.67661,116.16002,50
5377,40.15837,116.54041,32
1091,39.90564,116.33364,90
7449,40.0617,116.34897,80
7056,39.92501,116.36964,65
3699,40.05137,116.32407,40
9153,39.93145,116.12146,90
8924,40.0233,116.33704,50
4691,39.96103,116.44563,33
4424,39.85597,116.38057,99
4842,39.73475,116.14082,49
7296,39.99957,116.46605,80
1888,40.00335,116.3462,63
4484,39.91268,116.35028,22
5369,39.90172,116.51211,35
664,39.85047,116.31287,24
2302,40.17065,117.2059,90
1937,39.96629,116.33041,36
5382,40.07031,116.58138,66
7298,39.8952,116.45524,80
8394,39.98726,116.40903,51
5075,0.0,0.0,35
399,39.96002,116.29541,35
1698,39.91017,116.46667,35
2665,39.96753,116.40746,97
456,39.96656,116.35915,36
7191,39.63939,116.58611,31
6288,39.95291,116.2702,67
2692,40.1612,117.15981,26
2311,39.86498,116.69202,26
2442,39.96598,116.49654,20
3888,39.39515,115.78013,30
1942,40.06799,116.58179,29
9928,39.88245,116.41492,74
7982,40.21515,117.17378,22
439,39.84218,116.38024,66
2744,40.06384,116.32991,50
7151,39.96661,116.37375,100
1069,39.82905,116.1863,59
7062,39.8605,116.39441,58
5074,39.91928,116.42555,60
4861,40.0041,116.3617,43
8915,39.96322,116.49387,64
4419,40.15696,116.37929,29
3176,39.95541,116.37311,90
402,39.98183,116.40403,60
5692,40.22376,117.11088,87
6077,39.94697,116.46245,44
8563,39.87122,116.67985,44
3359,40.14938,117.12893,52
4756,39.93387,116.44911,39
1451,39.72413,116.22176,83
478,39.81468,116.2786,37
1141,39.89418,116.37824,61
2418,39.80065,116.44521,47
9013,40.14556,116.945,82
3295,40.07393,116.58073,62
1889,39.86362,116.42767,44
4681,40.1294,116.71834,20
2676,39.90359,116.42582,85
1066,40.06819,116.56264,29
853,39.95704,116.32898,87
3375,39.92253,116.42429,45
9620,39.92802,116.47053,85
9300,39.9831,116.45977,34
7654,39.86961,116.43336,96
8790,40.00242,116.33095,70
7703,39.92979,116.26417,81
7711,40.01081,116.36855,42
6108,39.90342,116.42155,66
7999,39.91167,116.41171,48
8385,39.94748,116.38928,53
5411,39.91092,116.35035,20
5272,39.88455,116.43214,74
2495,39.83941,116.36985,84
2001,39.98033,116.35688,23
2427,39.95023,116.40151,93
923,39.86523,116.45277,33
3596,39.97919,116.41118,48
3865,39.94642,116.4366,43
8035,39.94563,116.49075,46
1144,40.07643,116.5835,66
6856,39.95846,116.44473,50
7135,40.96625,112.96472,56
8826,39.91194,116.29595,88
6826,40.50839,116.81242,92
5552,39.90483,116.30257,99
8738,39.94242,116.09293,33
9417,39.96612,116.33217,52
5365,39.84473,116.53792,47
3676,39.93022,116.50132,22
4903,39.92115,116.36766,61
4706,39.92758,116.41991,48
4959,39.91393,116.47199,39
7955,39.88551,116.32391,68
6715,39.93229,116.44387,26
1261,40.07163,116.56451,91
3751,39.89411,116.6433,29
9349,39.97818,116.33513,47
6630,39.79435,116.50032,42
3000,39.84027,116.28019,79
9685,39.89961,116.40141,79
7491,40.1586,117.0747,66
6540,40.17701,116.4992,38
7450,39.86228,116.42825,46
3907,39.78043,116.33773,95
1839,39.88222,116.2719,26
5353,39.85166,116.35264,100
9192,39.61998,116.70658,37
3298,39.80707,116.39223,35
7367,39.85693,116.44855,38
5374,39.98409,116.08122,68
6730,39.90665,116.41212,83
2197,39.89461,116.314,23
834,39.94258,116.40695,95
7182,40.15102,117.09619,77
1046,39.90635,116.37002,24
4336,39.92592,116.43757,33
1416,39.84588,116.37345,50
9646,39.82539,116.44345,35
9824,40.10738,117.10764,86
7827,40.01029,116.46206,46
7211,39.95992,116.44426,44
70,39.95923,116.43821,59
6975,39.90712,116.59299,20
14,39.86265,116.39156,45
1117,39.89899,116.28853,82
9530,39.92743,116.38779,40
5696,39.92694,116.36091,59
4822,39.85578,116.39936,95
8849,40.05221,116.55933,29
1926,39.74824,116.53679,36
8734,39.67205,116.34417,29
9283,39.89031,116.33646,66
3155,39.98279,116.48153,35
4102,39.84596,116.37283,97
4648,39.96391,116.43376,56
7294,40.10534,116.66032,20
1308,39.917,116.32976,72
9080,40.27372,116.6308,52
3826,39.85162,116.69533,68
3088,39.9326,116.45288,23
3833,39.968,116.32988,46
4753,40.1893,117.26283,67
6863,39.93233,116.41492,72
5346,39.83557,116.46397,79
1336,39.9679,116.41477,22
9724,40.10114,116.42873,69
5342,39.98848,116.41105,65
655,39.89576,116.42192,70
4188,39.90695,116.45414,52
6837,40.19229,116.70441,38
762,39.95593,116.13563,72
8664,39.93876,116.42884,95
8296,39.92412,116.27888,50
8508,40.06164,116.58279,22
9862,39.95564,116.43977,40
681,39.66729,115.91499,60
8306,39.95949,116.44336,58
9061,39.88697,116.59059,58
4675,39.91499,116.57681,27
7356,39.80641,116.41968,54
431,39.89185,116.47967,30
7597,39.87026,116.28864,66
3796,40.04133,116.57332,87
2770,39.90617,116.64169,92
1478,39.88819,116.22827,57
7610,39.9651,116.36023,77
724,39.96395,116.43669,60
9399,39.88001,116.46883,73
3284,39.97172,116.38974,27
9158,39.9788,116.37939,24
8812,39.95045,116.34747,52
3974,39.96737,116.30121,49
7566,39.95622,116.41218,70
8105,40.01061,116.50481,72
6714,39.93955,116.43273,65
6818,39.94398,116.4406,75
7568,39.90694,116.41251,79
5852,40.05297,116.58427,39
580,40.20034,116.63603,100
3780,40.12734,116.26661,93
9009,39.85558,116.42498,22
4432,39.87042,116.44107,46
4016,39.89368,116.43327,31
3773,40.14724,117.12517,92
5791,40.13345,117.10689,39
5666,39.88321,116.45612,64
9424,39.94248,116.46763,36
7434,39.81475,116.28031,59
3868,39.89786,116.41235,74
3661,39.56808,115.9467,21
1726,39.82548,116.44362,90
9753,39.99974,116.45741,32
3617,39.91643,116.25398,91
8334,39.31075,115.53729,97
1211,40.00902,116.26092,56
8974,39.95679,116.3648,94
498,40.13862,117.17032,53
7611,39.61555,116.41036,73
1894,39.87499,116.45941,84
12,40.00637,116.49978,25
9297,39.9063,116.28218,39
7132,39.91419,116.42873,83
4164,40.12985,116.66101,85
4702,39.91662,116.29146,65
5080,39.96748,116.41173,95
7152,39.95197,116.4676,40
7031,39.99123,116.3262,32
8801,39.89953,116.4137,33
8504,39.91263,116.46516,87
1735,40.00945,116.50441,71
544,40.16263,116.71517,55
5779,39.90716,116.4647,79
271,39.91671,116.4952,74
6748,39.89108,116.39624,22
9572,39.9425,116.30434,83
8158,39.80947,116.15653,21
8461,39.93624,116.34959,54
4428,39.8874,116.27434,33
2481,40.12694,116.26857,63
258,39.9867,116.49615,75
3608,39.66503,116.10751,71
3380,39.73542,116.32902,33
7270,39.90628,116.26258,54
3376,39.89599,116.3344,35
84,39.96783,116.42951,37
842,39.9512,116.4654,95
4716,39.98917,116.37366,65
6873,40.06957,116.56228,96
385,39.87578,116.28893,47
8116,39.79657,116.44525,77
8023,39.86381,116.58414,78
4904,39.97586,116.46503,94
5718,39.84838,116.36102,39
1254,39.93275,116.33824,36
7409,39.95684,116.2853,28
6938,39.92817,116.36133,20
8913,40.20379,116.55945,56
2103,39.83547,116.4681,56
4411,40.00961,116.49672,22
9953,39.91612,116.43485,79
5262,40.02412,116.48471,77
41,39.69923,116.35068,49
6441,39.95715,116.45828,72
4209,40.04352,116.57757,37
1600,39.74757,116.34175,44
2208,39.90964,116.68514,36
9323,39.997,116.45161,57
9460,39.71774,116.38484,37
4527,40.4515,116.00147,34
2958,39.98867,116.48053,34
7090,39.95599,116.45723,33
7330,39.98686,116.40529,95
2501,40.59023,116.10359,100
5242,39.71189,116.40472,60
8720,39.97131,116.37989,83
3497,39.85877,116.38831,97
3119,39.98473,116.32073,73
4549,39.85654,116.43264,53
2599,39.72832,116.22064,75
6489,40.23215,116.75118,62
3592,40.41661,116.76455,48
6554,39.86407,116.35838,54
5368,40.05209,116.5838,90
2448,40.0034,116.49049,41
3368,39.91637,116.43563,48
7996,40.00378,116.39638,48
4358,40.02048,116.46519,48
785,39.88794,116.20172,99
4690,39.90431,116.44035,43
9796,39.9027,116.23515,49
5329,39.74075,116.58592,75
4212,39.86589,116.7965,84
2149,40.35365,117.18055,27
3108,39.94877,116.46569,44
3513,39.72432,116.15807,47
6195,39.88929,116.34269,82
5958,39.78601,116.41461,50
5196,39.91939,116.36738,25
417,40.02272,116.28792,29
5228,40.35781,117.04191,71
8521,39.97385,116.39323,33
6997,39.91542,116.51992,56
5639,39.91347,116.24449,96
2935,39.96788,116.38835,77
3026,40.00603,116.57805,36
5259,39.90845,116.58391,50
734,40.01205,116.55732,50
2822,39.8312,116.44237,88
9062,39.88299,116.32041,61
7586,40.28502,116.77166,64
5567,39.89213,116.46958,76
9553,39.9405,116.43842,34
2374,39.87433,116.23744,87
4315,39.68203,116.13903,93
1333,39.91145,116.28387,47
8688,39.94791,116.45497,46
3561,39.83267,116.44147,56
6483,39.96885,116.39577,30
2805,39.97438,116.3005,81
9156,39.91939,116.59152,58
6219,39.84441,116.43612,47
964,39.97404,116.3466,26
9050,39.8749,116.36158,49
6512,39.9262,116.66401,41
6571,40.09464,116.68103,58
4857,39.8982,116.36679,36
4932,39.84007,116.19848,51
4278,39.89138,116.45549,41
1096,39.98962,116.29284,68
3207,40.04094,116.30112,84
6180,39.89568,116.27767,20
813,39.81265,116.7955,85
2918,39.91945,116.43334,40
4877,39.86404,116.35365,57
6472,39.80518,116.33561,77
3767,39.85718,116.3586,53
3318,39.81005,116.15795,85
1007,40.07563,116.58057,58
9764,40.01196,116.51092,37
327,40.06373,116.27978,49
5932,40.13695,117.12561,88
129,39.90662,116.18052,44
381,39.85587,116.71332,99
1831,39.9757,116.34735,23
2449,40.24771,116.62922,46
254,39.88211,116.38764,25
6760,40.0631,116.58238,30
8496,39.9896,116.46309,83
293,40.21599,116.66287,76
6000,39.89234,116.45432,28
668,40.15029,117.22124,59
9885,39.73132,116.50743,81
2327,39.88826,116.3824,39
4941,39.90653,116.40443,93
3293,39.90498,116.3029,36
601,39.88812,116.43849,100
1338,39.91302,116.4284,75
2917,40.07547,116.21345,91
8681,39.68686,116.54192,43
8947,40.06424,116.58235,33
6854,39.8814,116.5905,33
4562,39.73592,116.04275,75
6469,39.97461,116.25607,78
5725,40.01748,116.35105,100
4277,39.92586,116.43869,95
8215,40.36993,116.82518,62
1217,39.89345,116.42225,39
9864,39.92501,116.09927,64
7479,39.90499,116.66297,44
6055,40.04774,116.32069,55
2236,40.21079,116.74657,39
3929,39.85566,116.29559,34
588,39.93005,116.28842,80
3191,39.86455,116.4316,42
9852,39.96325,116.29625,28
1325,39.80416,116.44435,84
9914,39.90873,116.39906,30
9548,40.26467,117.31204,50
7506,39.86755,116.37743,51
6342,39.9209,116.40315,76
5847,39.88441,116.29536,63
5010,39.86894,116.41452,51
2334,39.98759,116.34591,72
3019,40.19649,116.22041,81
4195,39.99228,116.42017,70
3090,39.93422,116.36677,97
9759,39.81632,116.15944,100
5241,40.26285,117.02793,95
2913,39.9236,116.46081,22
2483,39.93645,116.41707,67
6041,39.88734,116.40457,48
2184,39.97493,116.32008,83
4,39.89606,116.29604,72
8249,39.98912,116.46782,43
5067,40.10255,116.4764,58
4585,39.7243,116.34002,93
8836,39.66104,115.92916,86
9714,39.92898,116.1914,39
4112,39.89016,116.34955,56
5216,39.85481,116.31253,50
5176,39.93734,116.30924,76
8910,39.9175,116.28975,67
1871,40.05881,116.31898,36
582,39.94918,116.3776,28
8632,39.93203,116.30271,94
9397,39.92615,116.4442,65
485,39.99148,116.33037,73
49,39.86025,116.34819,32
5879,40.24845,116.21187,62
3234,39.91412,116.42729,92
2115,40.03316,116.2057,41
5959,39.9304,116.33773,46
5359,40.19563,117.0778,79
1125,39.58522,115.85821,55
1924,39.96425,116.54692,22
338,39.87989,116.48376,71
3384,39.92251,116.34879,31
6237,40.02004,116.27686,83
8555,39.90718,116.44986,21
3726,39.67563,116.15874,99
4271,39.9015,116.41218,45
7231,39.98003,116.4024,49
6675,39.93847,116.40227,31
1043,40.04194,116.42092,26
4945,39.92974,116.37355,75
1322,39.89147,116.40545,99
2051,39.90479,116.41158,56
7405,39.89131,116.4109,41
3297,39.95592,116.10054,27
8136,39.8099,116.72542,33
4862,40.12987,116.63045,46
931,39.96811,116.41352,97
4350,39.94739,116.36588,56
2829,39.9059,116.32906,54
7513,39.93605,116.31973,60
610,39.90532,116.47153,96
5118,39.88572,116.36965,46
9484,39.96687,116.38563,65
1989,40.0409,116.52543,78
9855,39.90323,116.41885,28
1158,40.14123,117.10934,43
7249,39.9148,116.44428,97
9477,39.95985,116.37596,43
1461,39.70122,116.11792,46
8351,39.96448,116.44375,75
2205,39.9679,116.41446,99
9705,39.92188,116.4386,71
8457,39.89184,116.17328,42
3337,39.88167,116.62374,64
576,40.06926,116.58157,85
540,40.07546,116.58041,81
1037,40.1523,116.82744,34
6330,39.96131,116.42304,29
8146,39.88057,116.37551,68
5318,39.97651,116.46691,99
4472,39.94294,116.64752,51
2485,40.34062,117.13154,74
4208,40.06032,116.3481,93
1759,40.03363,115.98992,45
4781,39.85788,116.24149,53
7433,39.90616,116.4144,28
9204,39.92294,116.27798,38
7712,39.90523,116.45609,40
3498,39.82416,116.39518,71
1789,40.04234,116.46996,41
8266,39.85937,116.38072,63
5292,39.96665,116.34574,53
8324,39.87011,116.46912,59
7483,39.79487,116.89063,23
1431,39.99185,116.45668,99
2995,40.08065,116.44315,72
7238,39.88851,116.33645,26
2777,40.02686,116.54988,64
1595,40.18739,116.99862,75
259,39.74299,116.11845,34
8489,39.56006,116.41228,49
1802,39.84498,116.36215,36
1196,39.94524,116.19581,35
7357,40.22792,116.23295,91
8028,40.19487,116.76274,40
4136,39.85103,116.4395,75
3802,39.99751,116.50174,35
1171,39.94838,116.41962,41
2520,39.88627,116.36758,43
3510,39.93861,116.37299,60
6666,39.92872,116.70404,94
4135,39.90987,116.31118,98
6827,39.97525,116.36002,64
9482,40.12643,116.5732,57
4824,39.90932,116.29605,80
2243,39.96633,116.32085,64
7202,39.94706,116.36767,88
1087,40.00584,116.50041,82
6991,40.15109,116.91923,29
760,39.84214,116.08621,38
5146,39.98134,116.07876,90
7283,39.7908,116.49295,72
5542,39.93542,116.35466,55
6992,39.97234,116.53586,35
7190,40.01418,116.49155,54
9022,39.89733,116.36913,67
6177,39.89364,116.22074,51
7411,39.99723,116.45227,49
5976,40.01147,116.49228,24
9602,39.79053,116.39113,58
4451,39.72148,116.42527,78
6146,39.97255,116.39954,87
2910,40.11762,116.64359,97
5864,40.21624,116.52104,96
2201,39.84331,116.44325,88
2237,39.82341,116.20385,26
5234,40.14671,116.56999,36
2848,39.91416,116.41803,59
6617,39.9719,116.26523,56
7494,40.13704,116.62441,31
3094,39.82033,116.12029,32
7798,39.91621,116.4777,54
7804,39.85872,116.40033,68
9575,39.90353,116.40998,99
7784,39.90726,116.36801,31
7646,39.9321,116.39069,91
5984,39.93616,116.34923,85
4032,39.89226,116.43731,49
6412,40.07124,116.56471,76
6946,39.95087,116.12345,50
1741,39.85811,116.53378,20
2949,39.89637,116.3685,36
7221,39.98928,116.19095,43
8696,39.90477,116.42057,24
2073,40.00764,116.50254,30
1334,39.93068,116.304,23
9386,39.92402,116.46088,20
9438,39.83632,116.43758,56
2997,39.90399,116.33999,42
6958,39.63295,116.31286,81
1259,39.88003,116.3205,66
3557,40.03799,116.41968,36
6473,39.90868,116.40794,82
7218,39.97833,116.45152,77
817,39.92298,116.3491,86
941,39.96077,116.35498,32
7507,39.90723,116.45583,40
3465,39.98207,116.46231,46
6537,39.96422,116.31628,63
3809,40.13685,116.62824,74
4733,40.04718,116.74286,59
4248,39.94063,116.41943,77
6635,40.11641,116.62949,87
9104,39.6435,116.11532,93
9205,39.907,116.49075,98
7547,39.76459,116.19622,79
7087,39.8674,116.30815,72
5796,39.88916,116.3685,72
5488,40.01385,116.34356,61
7537,39.89218,116.44075,32
5255,39.95163,116.45178,72
6620,40.00658,116.46674,53
9917,7.501,25.35,83
642,40.35332,116.80965,76
3421,39.93552,116.34645,89
5003,39.96347,116.52082,95
2509,39.73605,116.16799,94
2497,39.88666,116.52148,99
4712,39.95658,116.44638,41
5606,40.18901,117.20495,32
9940,40.289,116.95133,79
4964,39.94783,116.35452,20
5957,39.97486,116.2629,31
2972,40.20216,116.22155,25
1421,39.60391,116.3385,40
8083,39.96627,116.34187,98
23,39.92488,116.4553,49
4316,39.67826,116.14504,99
8072,39.97763,116.30529,39
7995,39.90111,116.35006,80
7650,40.13052,116.27065,33
375,39.93275,116.4562,21
8953,40.11154,116.64709,40
4956,40.00224,116.46723,31
605,40.18048,117.09427,66
9429,39.95174,116.0967,33
1264,39.9185,116.45507,77
9354,40.15605,116.98798,47
8096,39.95176,116.39316,82
6029,40.0146,116.27618,38
9336,39.85012,116.28812,72
8002,39.87059,116.40475,25
7998,39.90231,116.44021,74
391,0.0,0.0,73
4054,39.97542,116.3547,91
2262,39.98214,116.3032,60
2254,39.90875,116.35146,53
142,39.9555,116.446,54
166,39.93638,116.51482,95
7264,39.88572,116.41402,72
7144,39.89565,116.3121,61
4764,39.95362,116.45428,28
4865,39.97228,116.31907,66
2045,39.87005,116.45548,31
8251,39.97636,116.42465,72
3274,39.78985,116.49124,60
7273,40.07757,116.35836,72
231,39.72765,116.3307,97
4960,40.37518,116.84065,75
4860,39.78824,116.18575,92
6136,40.13766,116.87968,83
7539,39.92898,116.34969,29
7201,39.91657,116.40022,72
6060,39.92557,116.32683,64
9582,39.90307,116.42162,32
1891,39.94722,116.36547,94
7413,40.03218,116.21488,73
924,39.96468,116.31287,65
4832,40.12876,116.64438,48
4567,39.9012,116.21505,38
5306,40.09818,116.50499,40
589,39.90397,116.35712,66
4718,39.99972,116.466,51
8776,39.91635,116.24695,99
804,39.95737,116.48297,72
8922,39.91277,116.33295,64
3577,39.8864,116.43873,36
7989,39.90609,116.31199,58
2324,39.99143,116.35899,71
223,39.93231,116.47476,75
670,39.88893,116.44728,54
7119,39.83875,116.23296,81
2903,39.92986,116.163,93
521,40.06623,116.58207,64
1256,40.21614,117.32535,100
6814,38.68853,118.49978,26
9230,39.89656,116.34725,26
5128,40.02825,116.66602,88
6017,39.94588,116.45583,93
7589,39.93117,116.44432,75
4117,39.96611,116.41171,81
8459,39.86982,116.39239,58
4408,40.59953,117.10592,20
179,39.68346,116.38181,94
8547,39.93504,116.46797,71
5860,40.14703,117.12754,36
5658,39.91834,116.60271,70
6573,39.72852,116.12476,23
2970,39.97579,116.56552,87
8674,39.88866,116.4277,38
4129,39.86339,116.40353,40
8518,40.10965,116.65862,47
2216,39.93127,116.36665,41
8691,39.94092,116.36499,41
4524,39.94456,116.35695,71
1738,39.96743,116.41067,59
1294,40.16127,116.24377,58
7988,39.88125,116.30442,57
4454,39.82908,116.30799,74
348,39.91099,116.3431,86
9742,39.96121,116.30178,52
2603,39.90708,116.46198,94
7817,39.96615,116.32297,53
8706,40.09237,117.03354,96
7042,39.96432,116.31147,33
9305,39.96008,116.20346,45
6593,40.5913,116.23772,49
5124,39.73558,116.33903,70
1487,40.01923,116.45315,93
1650,39.88783,116.35135,73
6504,39.96692,116.38815,47
7439,40.44871,115.98003,80
8107,39.93357,116.46597,61
6169,39.92623,116.4608,64
3126,39.95108,116.35536,47
4257,39.72082,116.33229,23
4578,39.91787,116.28218,23
6307,39.89267,116.43354,92
144,39.88023,116.31883,78
7887,39.85761,116.44273,58
6190,40.03367,116.56361,57
5539,39.98367,116.4676,96
6511,39.92515,116.47197,30
4023,39.92144,116.44363,39
3443,39.83794,116.11508,26
5480,39.95545,116.30218,38
5629,39.92766,116.41983,51
6305,40.01222,116.49044,43
4137,40.09408,116.21547,80
3235,39.80423,116.44407,50
7620,39.95386,116.48305,87
6532,39.93489,116.32683,61
4138,40.04888,116.40542,67
6783,39.95115,116.44229,54
8314,39.90641,116.28545,69
2853,39.89857,116.48497,74
3728,39.82436,116.44696,25
7142,39.95317,116.42932,52
3672,39.88146,116.33446,87
4233,39.92244,116.34928,78
7373,39.92599,116.33423,25
9585,39.93965,116.4277,43
591,39.88789,116.35942,30
9453,39.73963,116.20292,24
6277,39.89556,116.3113,20
7070,40.32438,116.63946,73
3302,39.91966,116.52066,58
4930,39.89888,116.24682,27
1668,39.92247,116.46077,39
1550,39.91039,116.7303,73
423,39.88038,116.32808,93
3228,40.56217,116.96259,30
8916,39.89954,116.49424,62
3437,39.91251,116.35039,43
2014,39.93208,116.45569,47
4475,39.84866,116.37032,64
8782,40.19829,116.40249,88
8472,39.99228,116.36613,62
1214,39.99415,116.47197,34
2778,39.9755,116.38837,22
7023,40.08001,116.55206,61
7462,40.21027,116.28524,68
1227,39.85365,116.25226,90
9519,39.91809,116.43316,84
2640,39.96744,116.4038,95
1234,40.00342,116.41885,42
8636,39.97058,116.48928,76
2846,39.98058,116.46937,37
8792,39.89333,116.34166,76
9655,39.70633,116.46894,75
7323,39.90789,116.21636,30
2566,39.94587,116.45617,45
4028,40.11644,116.61301,28
3491,39.92067,116.29049,90
2384,40.17279,116.92043,79
9925,39.9019,116.4717,70
5443,40.29966,116.79557,86
474,39.97098,116.46,85
7762,39.89211,116.41848,82
6733,39.96069,116.38047,48
855,39.97972,116.31715,73
5990,39.92176,116.43957,72
3305,40.00239,116.50102,50
7532,40.14592,117.11116,50
1500,40.12187,117.10013,68
9778,40.44384,116.77464,96
9182,39.95602,116.27864,45
937,39.9606,116.4015,71
9792,39.80268,116.4895,28
3180,40.14462,117.06544,62
3225,39.84231,116.16864,87
9559,39.93941,116.35784,59
7534,39.94901,116.35801,70
1376,39.8938,116.3823,71
3027,39.70808,116.78368,25
7137,40.14239,117.02654,74
5991,39.92451,116.30381,55
1558,39.95558,116.32909,87
3697,39.99586,116.37221,54
5039,39.90464,116.30379,71
4232,40.15026,117.13281,97
5526,39.96782,116.32995,89
9762,39.97498,116.31612,69
688,39.97521,116.35283,30
4392,39.9803,116.35146,51
5005,40.13262,116.65276,73
1472,39.86557,116.30203,43
8139,40.07551,116.58189,74
2000,39.9652,116.26782,63
1038,39.92562,116.32356,91
3862,39.9359,116.37342,66
1397,39.76357,116.53655,61
1201,39.96349,116.43782,58
98,39.8811,116.44468,85
4751,39.74729,116.42407,34
4184,40.38758,116.84252,89
4390,39.97155,116.31904,95
8387,40.44924,115.97399,44
3453,40.00208,116.36204,48
5643,39.95244,116.46938,98
8157,39.58363,116.36977,87
3101,39.81579,116.14577,98
1634,39.91194,116.43966,59
8654,39.91072,116.42073,65
4722,39.93115,116.30236,99
9159,40.00028,116.39672,47
3570,39.97256,116.32733,62
1745,39.82203,116.39523,31
5757,40.01458,116.34263,23
546,39.85615,116.35568,34
7645,39.92228,116.29795,83
6047,39.85551,116.38036,87
5195,39.64427,115.97351,64
453,39.91742,116.40811,81
6981,39.9499,116.37225,69
5289,39.93095,116.45542,57
6415,40.06303,116.57031,74
2037,40.02358,116.48784,89
6961,39.89714,116.36814,68
1164,39.92423,116.47865,32
7050,39.93235,116.41855,42
6671,40.05655,116.54009,74
9101,39.88228,116.3887,62
2459,39.91187,116.4289,99
6670,39.94769,116.39468,57
3237,39.88282,116.31276,46
8575,40.15572,116.73029,47
9918,40.09047,116.75202,28
9666,39.94763,116.28269,55
2431,39.91359,116.20046,59
465,39.91796,116.5101,86
3725,40.14266,117.08515,23
2193,39.84772,116.32846,52
5491,39.94753,116.45395,51
5429,40.13837,116.75811,39
2824,39.89937,116.65472,89
6089,39.81192,116.40314,69
1748,39.88188,116.35608,42
8120,39.91926,116.60722,30
7333,40.07848,116.32926,59
9711,39.83558,116.28678,78
5886,39.90216,116.35039,86
5802,39.4587,116.24875,64
1013,40.16231,117.16022,41
5529,39.96841,116.49234,73
2245,39.84068,116.5026,68
2215,39.85842,116.34162,21
2278,39.87239,116.45147,36
53,39.86082,116.3047,76
6549,40.03872,116.32552,55
8991,39.96618,116.54952,55
5428,39.93592,116.41753,77
8419,39.85349,116.40239,24
1985,39.93517,116.35787,92
5670,39.93348,116.44644,65
7103,39.92688,116.46084,79
4154,39.77736,116.28692,97
4343,40.53459,117.07595,51
4577,39.92521,116.45542,60
8527,39.93293,116.34949,76
8730,39.78929,116.37049,35
330,39.90663,116.57114,49
6053,39.84701,116.46063,49
2199,39.90698,116.44519,47
1645,40.25416,116.8346,51
9662,39.89827,116.36737,58
6855,39.94939,116.44263,32
9868,39.91537,116.49666,46
2181,39.77643,116.68849,63
3953,39.94177,116.2673,49
1576,40.14212,117.09313,35
5279,39.93745,116.33686,41
6531,39.92425,116.45525,55
2323,39.86779,116.38175,71
1800,39.8391,116.35352,34
1886,39.88165,116.2695,71
3243,39.73877,116.34316,85
1295,39.87717,116.44,43
1960,39.89142,116.45262,96
3851,39.89779,116.33228,34
5719,39.9269,116.34618,49
4601,39.91534,116.49161,78
779,39.99182,116.40143,32
8569,39.87097,116.36842,35
9194,39.7963,116.4731,79
1959,39.84903,116.56925,79
9875,39.84948,116.38079,21
9195,39.70804,115.95677,35
6652,39.86225,116.37889,90
3294,39.89037,116.43396,53
694,39.931,116.36702,40
3485,40.13129,116.4898,46
4196,39.80783,116.39428,29
4487,40.05638,116.9341,61
7700,40.07106,116.56673,68
1670,40.05639,116.40765,28
7613,40.1596,117.10482,82
1655,40.16611,117.25813,94
6690,40.52046,116.07401,65
7384,39.92439,116.51887,58
7551,39.91228,116.47055,89
9527,40.11681,116.59733,100
8176,40.07806,116.58402,61
7885,39.90716,116.42159,58
5803,39.97075,116.41842,35
6292,40.56524,116.92635,21
9558,40.10973,117.09969,67
3070,40.01371,116.48885,78
6437,40.22193,116.74191,98
298,39.95897,116.35492,33
7463,39.92518,116.41343,29
9087,39.92024,116.54839,53
6341,39.96521,116.46642,75
5116,39.95974,116.40106,58
5422,40.03716,116.73525,77
2767,39.87712,116.36762,22
9461,39.92178,116.33939,33
9105,39.88485,116.39248,93
2802,39.91633,116.45168,99
645,39.94947,116.44207,46
9848,39.89467,116.48383,46
3643,39.91123,116.67647,77
8935,39.88478,116.4341,85
1151,39.95638,116.3576,43
7208,39.84894,116.37451,21
6464,39.98589,116.34748,23
7975,40.12532,117.0732,83
2570,39.89187,116.4126,96
6154,40.08835,116.58214,36
9729,39.90958,116.31417,35
2344,40.22095,116.69594,26
6996,39.97859,116.33496,66
6639,39.92663,116.53697,61
8586,40.37416,116.84598,99
3428,39.90706,116.43241,92
772,39.84012,116.30071,78
8412,39.88761,116.34905,40
1534,0.0,0.0,61
5366,39.98174,116.40166,70
7522,40.18602,117.18312,66
607,39.87018,116.388,28
4755,39.92299,116.42508,28
8814,39.72164,116.64897,56
6637,40.31821,116.62111,45
8825,39.95358,116.38525,50
1633,39.9487,116.45865,87
2353,39.92242,116.42804,99
1154,39.85329,116.25455,68
1263,0.0,0.0,99
3329,39.8111,116.33928,60
7799,39.94003,116.4276,55
9224,39.95052,116.45063,46
7253,39.90339,116.42094,43
2393,40.56075,116.93244,70
5017,39.99391,116.4726,33
3830,40.34787,116.867,99
4434,39.97436,116.29968,52
1779,39.70758,116.13099,56
3930,40.16943,117.05092,34
6165,39.87457,116.45538,71
2774,39.6349,116.31867,25
5783,39.9842,116.31345,100
8529,39.94818,116.41117,61
8863,39.95339,116.3892,67
3606,39.86933,116.46163,83
446,39.85362,116.38085,53
7815,40.11691,116.59059,42
3913,39.88968,116.34696,29
4293,39.8626,116.37906,81
8106,39.99313,116.41102,55
1572,39.95165,116.49742,96
6520,39.94772,116.45641,69
6796,39.95113,116.50878,23
5138,39.86674,115.97377,68
4442,40.0056,116.01364,65
4180,39.96755,116.40603,47
726,39.9662,116.3427,33
6572,39.90691,116.37642,45
3288,40.1835,117.13647,55
5063,0.0,7.0,66
7140,39.86517,116.30861,88
8349,39.82141,116.54517,42
7561,39.95093,116.32963,52
4013,40.07114,116.76114,30
8395,39.8916,116.44961,37
4470,40.17405,116.98167,56
7068,39.99717,116.74465,62
79,39.8495,116.2994,99
9676,39.8919,116.48298,62
8147,39.90495,116.45631,21
5474,39.88381,116.22536,78
4747,39.94358,116.09598,33
1347,39.89462,116.34238,89
7186,39.91617,116.28161,39
5310,39.84888,116.3384,63
6285,39.85855,116.39447,65
1418,40.06558,117.04114,35
2022,40.14413,117.06435,24
7382,39.70362,116.49692,96
3355,40.14133,117.0625,95
5338,40.14523,117.10676,25
7731,39.99201,116.34538,54
5489,39.72104,116.4608,46
6611,39.83683,116.57822,86
9663,40.29894,117.12536,80
3418,39.90619,116.31091,77
2975,39.90738,116.46596,87
1856,39.98434,116.45795,44
9526,39.79612,116.69525,80
5785,40.6575,117.17255,90
3312,40.13618,117.08989,54
5093,39.90447,116.38187,24
1183,39.90718,116.42133,91
5235,39.8057,116.4495,80
6948,39.97004,116.40171,51
3533,39.96632,116.10841,22
3828,40.05645,116.41043,68
8607,40.18348,117.14538,54
9689,39.96591,116.46968,30
5841,39.91803,116.32848,30
4010,39.93523,116.44423,57
4464,39.82982,116.70015,56
4031,39.94219,116.4384,31
6646,39.94211,116.08147,93
1986,39.97037,116.41935,83
3023,39.87395,116.56412,96
1327,39.99248,116.46337,83
8233,39.94032,116.36731,49
7386,39.89556,116.31549,40
7287,39.96866,116.39595,99
2681,39.88713,116.68298,50
876,39.96785,116.40828,86
4047,39.78419,116.18455,100
8787,39.83972,116.23114,44
5362,39.93308,116.41617,71
2721,39.95866,116.48318,96
5644,40.11371,117.07768,57
3747,39.89981,116.41274,22
5219,39.89219,116.47006,23
4414,40.54536,117.12366,92
9249,39.96093,116.30214,24
1798,40.04763,116.34708,35
2306,39.90651,116.47172,63
5179,40.13166,117.11127,65
8396,40.13296,117.13482,30
6486,39.97672,116.40931,90
5722,39.90734,116.36791,56
2908,39.90712,116.30556,62
2476,40.01752,116.68431,56
6039,39.88141,116.27058,27
4674,40.0164,116.20146,33
684,39.86375,116.45088,78
5727,40.03276,116.29369,46
6111,40.07194,116.58105,66
7197,39.89607,116.24702,93
466,39.92357,116.44749,31
5883,39.8519,116.74508,77
1450,39.95835,116.31711,51
2454,39.95805,116.41903,63
4239,39.91815,116.45547,61
181,39.86124,116.34847,81
7123,39.89822,116.47879,77
751,39.87057,116.45429,75
8689,39.99561,116.45667,66
5287,39.96815,116.42886,57
7666,39.93644,116.29837,57
4921,39.8546,116.4327,36
4067,39.90693,116.45058,23
256,39.967,116.31423,37
1100,40.02779,116.55249,73
3247,39.84238,116.37907,43
1342,39.96561,116.30304,33
1524,39.92689,116.66726,92
1063,40.19232,117.20982,33
1935,39.94734,116.36792,23
8029,40.19103,116.80322,69
8382,0.0,0.0,67
3922,39.83767,116.09851,49
2876,39.88866,116.38569,65
5293,39.91878,116.42015,87
8358,39.87094,116.43769,80
4289,40.00868,116.48966,26
301,39.85151,116.30708,51
2578,39.89139,116.36819,72
541,39.95347,116.26967,44
2722,39.87403,116.44884,58
495,39.90011,116.37789,81
9144,40.33137,116.6383,72
8159,39.94762,116.40383,49
905,39.95073,116.36516,92
472,39.86004,116.4088,91
7757,39.63831,116.1288,29
9054,39.9868,116.47108,62
9356,39.93211,116.3891,91
8963,39.92186,116.43996,62
4790,39.9482,116.41999,49
1313,40.29424,116.62291,63
4963,39.80175,116.41319,95
1372,39.92072,116.26957,25
4356,39.94773,116.38795,67
1919,39.98641,116.37212,86
3210,39.5593,116.52445,70
8732,39.87255,116.28857,90
9316,39.93249,116.45609,21
3938,40.02509,116.42652,33
871,39.98402,116.29959,99
1502,40.05766,116.58576,21
7834,39.97549,116.36265,36
657,39.91155,116.48487,63
1139,39.87909,116.4284,26
523,39.90181,116.34116,68
1790,39.87587,116.34067,54
9404,39.90712,116.46355,78
5758,39.90659,116.4016,56
6871,39.9091,116.19817,60
7423,40.02938,116.33836,38
8853,40.22282,116.22035,40
3363,40.28233,116.60768,98
8699,40.06102,116.28415,24
6260,40.40359,117.46491,38
8445,39.77402,116.41588,60
8066,40.17006,116.70243,24
520,39.62368,115.88256,56
9794,39.93219,116.38656,89
4758,39.80534,116.15912,93
7393,39.85432,116.41746,84
7012,39.90453,116.42611,23
228,40.00054,116.46921,27
1711,39.9727,116.48395,23
155,39.87624,116.32827,36
1962,40.08428,116.38714,82
9083,39.8606,116.48092,56
5297,40.03047,116.35983,53
5130,40.18212,117.05344,42
6389,39.85535,116.42242,30
452,39.88525,116.35729,94
9261,40.0809,116.55185,29
8228,39.67865,116.45272,92
2490,40.00937,116.49662,32
9049,39.86017,116.46826,94
3390,39.90177,116.415,76
5320,39.91354,116.33893,55
3598,40.11319,116.21582,53
9911,39.98366,116.43111,99
5773,39.97491,116.40099,93
9171,40.30817,116.04967,41
5496,39.84769,116.22717,98
4798,40.11699,116.67853,97
8248,39.93952,116.13639,31
8561,39.96623,116.38186,56
4201,39.93267,116.48362,20
5089,39.88928,116.37185,22
6802,40.12941,116.6591,21
598,39.84256,116.33964,50
8961,39.90708,116.44444,61
2831,39.90646,116.48857,91
3341,39.91156,116.42911,76
1072,39.89411,116.21954,38
6728,40.19532,116.60643,72
910,39.76813,116.10161,57
4724,40.403,116.76288,88
612,40.05552,116.40758,39
4355,39.87467,116.30555,92
1616,40.00717,116.4545,73
8302,39.8927,116.42465,85
1396,39.91625,116.26054,77
1301,39.86285,116.50846,38
7086,39.98246,116.67179,97
3426,39.94888,116.69063,83
965,39.91383,116.43015,97
8987,39.83213,116.11408,97
9393,39.91433,116.48508,75
7100,39.77443,116.41607,34
3099,39.92936,116.34952,71
5981,39.91554,116.20028,36
5401,40.83979,116.7064,30
2070,40.01003,116.5046,91
4272,39.84783,116.33443,58
6249,39.89132,116.45557,30
9728,40.07044,117.07672,67
4886,39.87931,116.34045,36
8672,39.92772,116.29292,34
1018,39.93465,116.3272,72
2263,39.95135,116.44968,20
5521,39.92541,116.38741,35
2049,39.9359,116.33683,37
506,39.89132,116.50322,38
5475,39.86995,116.30627,63
801,39.92283,116.3661,48
3623,39.98721,116.39843,55
3105,39.89196,116.41809,39
9138,39.89733,116.43291,23
5807,39.88062,116.38703,62
9464,39.88615,116.59801,31
8760,40.37862,116.93432,40
1586,40.01411,116.48955,43
416,39.95167,116.49733,97
2547,39.81063,116.29891,76
342,39.90411,116.37757,25
9162,39.93918,116.34621,38
4656,40.08589,116.35917,27
5830,39.91702,116.3495,80
2223,39.85131,116.31717,52
7101,39.84639,116.64953,36
8291,39.9663,116.34556,21
7838,40.51175,116.08387,37
9614,40.50673,116.1478,80
1662,39.92736,116.63509,59
4633,40.01959,116.2641,81
4059,40.01051,116.50635,100
1363,40.22431,116.23086,97
3688,39.93062,116.29532,86
4223,39.91635,116.30381,40
4782,39.67183,116.37426,76
9475,40.06314,119.11908,54
1486,39.90635,116.39646,49
9177,40.43127,117.17513,58
3995,40.06458,116.58228,27
4172,39.92613,116.28352,28
6364,39.85055,116.22794,30
8540,40.10087,116.7799,77
8761,39.92326,116.47416,39
3197,39.79373,116.33332,36
4620,39.81163,116.0417,55
3081,39.84739,116.24529,94
2616,39.721,116.58051,78
9502,39.7981,116.18177,73
1910,39.59915,116.02144,46
5104,39.9845,116.44006,96
6329,39.93036,116.45526,60
1242,39.90817,116.30378,56
9920,39.88633,116.32412,47
9727,39.68172,116.40731,89
6051,39.90651,116.2538,58
2804,39.98073,116.3665,82
5554,39.76252,116.36885,84
6320,40.17597,116.90162,95
7240,40.22236,116.22229,25
395,39.98867,116.39894,41
3756,39.93767,116.32003,39
7540,39.86952,116.40717,41
5087,39.91007,116.42344,33
9594,40.12842,116.11631,81
9136,39.90617,116.23971,46
3511,39.82539,116.34196,58
7516,39.90365,116.42683,73
3731,39.98826,116.39816,83
9809,40.12946,117.08983,71
4689,39.91227,116.36791,87
8367,39.77856,116.32165,46
3258,39.94884,116.40203,26
8295,39.75635,116.15385,83
5036,40.0186,116.30812,65
9030,39.9989,116.74666,87
8709,39.90725,116.60431,78
991,39.90029,116.35023,72
1,39.976,116.31078,24
3336,40.07075,116.56527,51
9733,39.87432,116.35795,78
9566,39.85661,116.38505,68
8949,40.37278,116.822,35
468,39.81444,116.28527,52
1828,39.95814,116.49242,51
8214,40.00842,116.32921,85
5695,40.13511,117.08528,24
6584,39.91498,116.55222,87
3768,39.88193,116.35206,57
1841,39.94004,116.44532,78
8061,39.88464,116.44775,76
7498,39.97197,116.34496,98
3709,39.88131,116.44302,97
3118,39.97388,116.4114,94
4672,39.86009,116.75937,87
8815,39.93837,116.42991,49
5861,40.3751,116.84539,46
3847,39.861,116.44725,55
1506,39.91487,116.50443,80
319,40.22759,116.22932,40
7663,39.93229,116.45493,48
2266,40.07243,116.98296,92
4053,40.23631,116.76272,97
3362,39.95768,116.29202,91
2809,39.94725,116.36992,47
7705,40.07162,116.56492,100
8656,39.8856,116.2881,99
5982,39.87663,116.49399,60
310,39.9228,116.1479,28
1481,40.24725,117.00497,44
5760,39.87799,116.48417,52
8895,40.27949,116.24682,74
8946,39.88807,116.35548,49
8015,39.81637,116.41185,66
212,39.82579,116.44337,51
2047,39.96764,116.38855,62
1080,39.85742,116.40608,28
1682,39.89919,116.4002,40
8844,39.95727,116.27069,74
3523,39.92242,116.29448,46
3846,39.85934,116.29534,70
6884,40.11973,116.65016,100
8959,39.94194,116.30119,24
608,39.88792,116.32558,63
1330,39.88288,116.46146,78
4409,39.94648,116.35031,56
3547,40.06271,116.1126,76
3539,39.9415,116.20089,51
2522,39.83265,116.37811,26
1124,39.89587,116.42118,50
9639,39.97266,116.45935,77
8702,40.29324,116.56803,58
6902,39.93572,116.07986,58
9743,40.08796,116.57791,90
6425,39.88826,116.45555,100
936,39.93498,116.42037,64
2883,39.91773,116.4562,65
4340,39.86475,116.40746,82
4942,39.89038,116.39349,68
4738,39.93066,116.58271,63
5935,40.02839,116.33214,23
8887,40.06468,116.5635,55
163,39.98613,116.38053,83
8152,40.07288,116.42153,89
7045,40.05944,116.37382,45
3923,40.00855,116.36143,46
3001,39.96204,116.46342,31
8261,40.09748,117.0414,95
7525,40.15897,116.65373,80
7842,40.13164,116.62544,75
8969,40.22246,116.55989,88
7807,39.93111,116.10069,64
1062,39.93954,116.41405,61
9038,39.90162,116.31509,78
9422,39.95673,116.44787,39
4084,40.01234,116.48898,27
6024,39.8327,116.68094,32
8073,39.78047,116.11918,31
5594,40.21339,116.23339,98
5523,39.85591,116.39994,96
1749,39.92828,116.53142,53
8258,40.15225,117.12851,40
1835,40.14181,117.1092,32
2366,40.44395,115.98619,75
2414,40.06121,116.82641,81
3115,39.88398,116.36127,53
4707,39.93213,116.39035,47
3915,39.90657,116.47153,28
9500,42.29323,118.15219,62
4405,40.18526,116.87614,96
4354,39.86973,116.46002,60
2589,39.89053,116.63923,94
2486,39.89538,116.31669,85
971,39.87674,116.36825,71
566,39.83733,116.37533,23
6143,39.96015,116.43125,60
1417,40.07201,116.56532,29
8217,39.93006,116.34945,71
9573,39.93874,116.35044,61
7952,39.84947,116.39758,67
7248,40.01028,116.50545,38
7316,39.92409,116.35025,23
7476,39.9456,116.2597,59
2061,39.85577,116.3732,41
4116,39.82802,116.44316,41
7172,40.1218,116.85645,22
8376,39.64031,116.05801,23
8993,39.8857,116.34057,69
8276,39.93116,116.29967,28
1003,39.84563,116.22334,72
581,39.82555,116.4436,35
4517,39.92042,116.4201,35
5706,39.95247,116.46983,30
9176,39.92557,116.34979,55
8271,40.06448,116.58231,96
6535,39.89791,116.35674,79
7111,40.01716,116.46112,92
4701,39.9144,116.5022,25
6071,39.94514,116.35542,32
840,39.89175,116.40896,27
8921,39.90675,116.30129,72
2151,39.95193,116.50534,24
8694,39.95928,116.33872,84
7293,40.19131,117.30136,58
2552,39.86809,116.60813,100
620,39.88188,116.36774,49
9960,39.84386,116.40017,36
775,39.85534,116.33941,82
2209,39.84876,116.38077,90
4607,40.07221,116.56588,38
3481,39.90145,116.29613,27
5121,39.80177,116.91789,80
5589,39.90719,116.30273,51
7304,40.05068,116.3237,43
5531,40.05454,116.58563,38
7173,39.72199,115.94852,93
307,39.85453,116.39403,20
1549,39.98023,116.35295,30
3936,39.89195,116.51366,21
4252,40.08835,116.55305,64
3174,39.88317,116.387,44
5424,38.98696,115.93728,25
1218,39.87922,116.42848,43
9260,39.51641,115.96434,88
549,39.89392,116.36648,88
6236,40.08962,117.06086,50
9937,40.13007,116.35219,47
728,39.94791,116.41763,99
6275,39.95789,116.41642,88
7196,39.99828,116.39923,25
8747,39.78175,116.42858,76
8498,39.95495,116.47718,70
8092,39.96817,116.41182,67
6974,39.9432,116.35146,27
4944,39.86703,116.50757,81
1836,39.92315,116.41429,58
2153,39.89755,116.36963,48
3149,39.83213,116.18958,36
5314,40.02105,116.27608,51
1231,40.20972,116.2477,42
8059,39.93223,116.33754,21
3732,40.11869,116.85791,45
2619,39.9565,116.28382,99
2358,40.26322,116.64062,32
7641,39.89337,116.41282,97
5728,39.84844,116.2855,34
3324,40.07716,117.04922,53
5459,39.91081,116.42606,41
6476,40.01737,116.44106,80
5498,40.0614,116.5466,30
7905,39.92387,116.24924,91
8359,39.96666,116.38146,33
9551,39.89165,116.40823,73
5177,39.90747,116.41199,28
6495,39.8357,116.28742,93
3528,39.79248,116.50536,87
5347,40.31961,116.63638,40
4928,40.31971,116.63142,36
7997,39.97921,116.47147,32
4540,39.74498,116.32932,90
1324,0.0,0.0,22
1145,39.7559,116.33805,91
9904,39.94828,116.38918,35
4710,39.87385,116.44492,30
8415,39.86153,116.40778,62
5247,39.8929,116.45211,23
9859,39.87024,116.22428,64
5224,39.95657,116.32875,28
1495,39.92289,116.41414,53
3052,39.90858,116.40057,71
3386,39.93245,116.44567,50
1659,40.08343,116.55242,44
6063,39.84987,116.25707,35
4911,39.90666,116.21537,85
1640,39.99627,116.27611,44
3669,39.90024,116.41379,35
6009,39.84606,116.439,37
636,39.85369,116.39976,65
4471,39.90329,116.45595,73
6599,39.89057,116.48381,73
7002,39.84864,116.25432,32
8011,39.89193,116.37651,57
3189,39.96868,116.45121,56
6057,39.92258,116.43252,89
7380,39.94159,116.38773,68
2421,39.9915,116.34718,44
2458,39.92374,116.35619,35
8799,39.92688,116.31611,35
8307,39.95324,116.47423,47
5657,39.90658,116.49068,63
4575,40.38984,116.74425,31
7602,39.98448,116.32672,31
2605,40.27417,117.07274,23
6882,39.88469,116.42516,93
9437,39.72302,115.96001,90
9103,40.21572,116.44872,32
3028,39.96548,116.56658,100
2395,39.81889,116.87733,83
828,39.92324,116.27883,42
8372,40.05943,116.37395,26
3365,39.88201,116.34551,37
4033,39.86777,116.2881,74
2707,39.91471,116.50482,20
2749,39.9061,116.22918,51
3125,40.07471,116.58211,54
528,40.05895,116.34017,78
9452,39.901,116.40793,57
5620,40.20169,117.05307,20
2349,40.00785,116.50275,63
6485,40.07105,116.56643,98
9450,39.7619,116.43947,86
4127,40.01317,116.48945,37
4555,39.85464,116.23317,58
2154,40.08773,116.93915,37
1351,39.93188,116.38244,77
4182,39.91865,116.55471,22
7945,39.8924,116.48352,87
5294,39.50713,116.36274,38
1867,39.94551,116.28171,52
1797,40.42194,116.89157,62
7398,39.97526,116.31893,53
4111,40.44473,116.02348,79
3467,40.02346,116.53677,32
9266,39.93077,116.36693,88
1152,39.89608,116.304,53
91,39.82181,116.33938,66
7126,40.11705,117.10952,75
9091,39.71353,116.12748,69
4108,39.84767,116.36301,89
832,40.10115,116.55532,97
5579,40.3618,117.1429,41
8413,39.9482,116.3656,73
514,40.06758,116.58201,28
3696,39.89615,116.42443,21
2392,39.93959,116.34696,67
4833,40.05944,116.34311,79
3260,39.98426,116.39976,21
8490,40.06997,116.36168,76
5312,40.00747,116.3549,92
3816,39.90713,116.44066,99
4776,39.88797,116.32963,80
8143,39.97914,116.36991,44
5332,39.91678,116.37312,51
861,39.92235,116.18039,58
2952,39.87595,116.3301,24
6393,39.90648,116.30408,59
4621,39.85485,116.23799,25
35,39.93253,116.4286,20
7340,39.92282,116.40755,45
9697,39.91488,116.57719,20
1852,39.93756,116.45518,84
5495,39.84749,116.32376,91
9675,39.91856,116.55082,36
3035,39.86816,116.46056,66
2867,39.85119,116.42235,95
3730,39.92769,116.67892,80
2924,40.10408,116.63303,68
5595,39.9045,116.42975,50
2545,39.95472,116.26655,83
7239,39.95067,116.38117,33
9312,39.96625,116.35291,89
4126,39.58727,116.04135,43
6868,40.02601,116.28572,67
7973,39.90557,116.31508,48
4919,39.98041,116.3104,70
6351,39.91428,116.48062,22
2076,39.9475,116.38223,62
5893,0.0,0.0,84
4097,40.03445,116.7456,53
6719,39.98492,116.32668,96
9725,39.9558,116.30325,55
4403,39.89423,116.32839,57
1005,39.90392,116.45543,80
3252,39.95677,116.34168,60
5584,39.93225,116.43714,23
4275,39.9263,116.31992,31
8748,39.87173,116.36225,35
7696,40.07892,116.58655,27
7345,39.85173,116.42797,93
7907,39.96325,116.31773,46
4594,39.90623,116.50914,83
9207,39.88432,116.30687,95
8528,39.99535,116.47687,68
9601,40.03002,116.41205,74
894,39.90791,116.48849,84
4869,40.16285,116.75452,51
7717,39.9062,116.38765,61
7983,39.85763,116.40155,45
6131,39.89939,116.43081,57
1314,40.41247,116.7902,28
8167,40.34245,116.13142,73
9612,39.90695,116.17423,66
5522,39.83812,116.38967,70
1358,40.07003,116.31288,22
8680,40.18946,116.9555,68
7008,39.96618,116.37419,70
8927,39.97427,116.3459,69
5107,39.88613,116.35731,39
6019,39.85656,116.28833,98
1403,39.93168,116.31957,80
2537,39.8993,116.45825,33
2803,40.02826,116.66286,55
6867,39.95255,116.44088,71
6116,39.7339,116.49748,66
1503,39.93436,116.65528,67
3762,39.76456,116.33678,20
9187,40.04232,116.56668,78
8661,39.97942,116.35933,26
5573,39.88632,116.45378,93
7063,39.89482,116.36846,91
2496,39.92112,116.37811,63
6770,40.0313,116.43176,30
9378,39.90801,116.40549,42
1339,40.00048,116.3721,21
4854,39.97417,116.39548,77
8481,40.17844,117.06539,25
6508,0.0,0.0,46
1854,39.79265,116.18069,93
268,39.9968,116.45433,85
5761,39.88605,116.46144,98
3434,39.82332,116.39507,64
2469,39.87728,116.46496,43
770,39.9285,116.49337,48
7044,39.9205,116.58517,35
4221,39.95076,116.34903,89
8794,39.89905,116.40719,49
406,40.45992,117.02026,68
4431,39.95259,116.44466,60
8845,39.85567,116.22215,64
2122,39.91138,116.30441,59
9456,39.90422,116.42085,100
4058,39.90868,116.524,62
4050,39.9177,116.48424,70
2411,39.9432,116.38871,75
1237,39.86784,116.54296,97
3168,39.89881,116.3152,29
3037,40.05458,116.53618,60
922,39.84685,116.38057,36
4743,40.38092,116.86488,21
3544,39.78576,116.47399,34
5836,39.90721,116.43479,73
5922,39.93927,116.43002,81
283,40.0105,116.50598,75
7746,39.82728,116.12974,47
526,39.98907,116.46784,34
3724,39.84734,116.20352,65
9274,40.45017,116.89577,67
3233,39.87646,116.34664,37
8902,39.91328,116.19753,84
33,39.96711,116.31451,98
2702,39.85118,116.70061,51
6217,39.92971,116.09562,26
7213,39.92186,116.46422,86
4260,39.88755,116.2904,100
2247,40.22845,116.65099,59
7656,39.93977,116.42965,53
112,39.95079,116.44738,39
443,39.91353,116.58527,40
9145,39.98533,116.3497,86
740,39.80693,116.43288,88
2679,40.12195,116.26654,56
2737,39.88337,116.32037,60
5021,39.91816,116.35091,93
5741,40.3891,116.73493,91
4393,39.91343,116.35582,47
2178,39.97889,116.33474,34
3960,39.8641,116.35822,58
8012,39.90747,116.4044,25
9700,39.92269,116.47463,49
4820,39.92728,116.45509,39
401,39.98022,116.32733,51
1902,40.01114,116.51013,99
4334,39.92444,116.41122,52
7695,39.95241,116.4191,61
2655,39.87669,116.35321,58
7890,39.8833,116.29572,93
4787,39.89799,116.33711,94
8805,39.58233,116.31992,27
5586,40.06534,116.58223,22
6010,39.89118,116.39925,22
9196,39.99427,116.41795,62
1337,39.94147,116.35199,89
5898,40.36732,116.8398,53
652,39.92022,116.55856,85
9604,39.82002,116.74985,83
919,39.92636,116.37287,91
6213,40.1081,116.45335,91
1643,40.40362,116.97018,57
5663,39.8974,116.45555,21
8483,40.14731,117.06426,54
7361,39.93223,116.427,86
4938,39.98258,116.46623,81
9359,39.89529,116.36476,55
5851,39.912,116.42881,90
6608,39.92119,116.25871,98
799,39.9219,116.48119,35
7970,39.94137,116.30391,58
8352,39.80571,116.49567,98
6423,39.659,115.93259,29
3406,39.76492,116.46962,96
8194,39.88171,116.36815,37
6218,39.80492,116.43045,48
4244,40.0243,116.51275,23
1193,39.88048,116.30101,75
6927,39.90961,116.4117,24
5867,39.92672,116.64684,80
7271,39.88566,116.30887,45
9823,39.95662,116.44778,22
9694,39.82801,116.63143,33
8539,39.89831,116.36612,100
827,39.96745,116.33353,82
9125,40.00793,116.41003,58
685,39.72733,116.33765,62
4746,39.99514,116.56172,40
9570,39.81925,116.35946,95
8905,39.9575,116.46132,63
6152,39.9039,116.47149,42
3897,39.92686,116.32447,77
9178,39.9098,116.47178,30
5375,40.36284,116.7801,52
4802,39.99165,116.33133,49
8448,39.85668,116.4017,73
2779,39.93227,116.42597,41
3446,39.71938,116.09612,28
6859,39.93225,116.40957,62
6030,39.92209,116.51376,33
1950,39.87299,116.40749,90
3784,39.93167,116.4027,57
2494,39.91057,116.29634,49
5115,39.86227,116.3057,28
5051,39.97363,116.53925,84
6832,39.92394,116.42041,56
6942,39.91403,116.40797,100
3860,40.00837,116.26718,26
9374,40.16012,116.77395,53
3875,39.90682,116.49393,38
7829,40.03913,116.4197,35
9779,39.9044,116.47156,54
7375,39.73156,116.14005,39
4954,39.86501,116.42433,29
394,39.80662,116.43604,71
4279,39.98188,116.40112,85
3128,39.89878,116.43034,42
9115,39.99171,116.41768,90
5541,40.01788,116.55491,31
5504,40.13482,116.63508,25
4101,39.91836,116.58024,76
4231,40.01208,116.49018,38
3535,39.98745,116.40894,75
9010,39.97115,116.39928,58
550,39.95251,116.30329,22
4999,39.9741,116.31148,80
464,39.89498,116.35707,79
1723,39.94483,116.44867,22
1803,39.79521,116.39095,32
1026,39.89542,116.35986,50
4024,39.95017,116.39418,54
4283,39.90675,116.43171,22
1219,39.8908,116.61387,25
7241,39.89618,116.42644,68
9505,39.92538,116.32701,86
3469,39.95598,116.42873,98
2927,40.37948,116.87283,71
6836,40.00692,116.4954,100
3894,39.85408,116.38068,51
5192,39.95082,116.41908,86
7918,40.06249,116.57936,83
6148,39.92289,116.30808,70
5771,40.11373,116.3584,90
5162,39.98545,116.47914,85
6880,39.91871,116.65295,53
4156,39.93753,117.04442,28
5111,39.89583,116.24743,25
3763,39.98022,116.47477,51
6377,39.90645,116.31924,20
1041,39.90836,116.40959,91
4166,39.95238,116.49759,61
5432,40.54971,116.29355,74
1967,39.85585,116.39439,43
1957,39.94584,116.40196,65
9723,40.0693,116.58287,68
4080,39.92234,116.36131,59
486,39.91946,116.35035,58
3124,40.12422,116.31848,100
7917,0.0,0.0,40
8360,39.90392,116.37652,94
2114,39.92328,116.16412,55
4507,39.99174,116.32694,66
6034,39.89362,116.40911,39
8117,40.15925,117.0934,23
334,39.86922,116.38161,28
2672,40.07886,116.58664,93
5324,39.89748,116.35501,98
8145,39.89673,116.47881,80
90,38.79642,116.02786,89
6939,39.9962,116.37279,71
4422,39.84773,116.52506,100
5697,39.96153,116.37927,81
7017,40.02062,116.48062,82
1340,40.32564,116.55583,24
4226,39.87447,116.35778,81
9317,40.30794,116.76776,38
8221,39.88171,116.36855,87
5479,39.90754,116.36384,37
864,39.96624,116.32275,27
3817,40.56021,116.94919,91
7496,40.29363,116.24787,35
221,39.94007,116.51542,81
2289,39.86397,116.3609,21
1092,39.98958,116.41104,21
4435,39.91088,116.21943,32
3032,39.90771,116.29449,57
7549,39.84446,116.33946,29
710,39.96673,116.36068,74
9137,40.53335,117.12059,74
8155,39.89798,116.47139,29
9491,39.88887,116.35037,33
2056,40.43117,116.75463,85
8495,39.90686,116.43486,22
8574,39.96107,116.45219,98
6879,39.92233,116.31135,21
750,40.02315,116.43423,98
1918,39.88589,116.32032,55
7055,39.91248,116.34269,53
3278,40.1143,117.07958,27
5684,39.84598,116.22166,40
3435,39.85358,116.40804,25
9849,40.11945,116.98472,27
8191,40.32222,116.745,93
7131,40.00765,116.49482,30
572,39.95606,116.413,72
803,39.88944,116.39518,89
9088,40.64433,117.33535,56
7993,39.88399,116.43618,98
8952,40.23407,117.01203,50
6263,39.90414,116.45556,23
9561,39.61713,115.95837,37
8936,39.96894,116.38028,41
5638,39.88828,116.28881,41
8493,39.89217,116.45982,56
8484,39.89926,116.47146,50
6947,40.01109,116.49226,33
8911,39.99168,116.32759,88
280,39.78485,116.39263,25
7219,40.1198,116.66439,68
483,40.15448,116.72081,72
9541,39.65461,116.62344,93
5331,39.92459,116.34993,80
2757,39.8907,116.39512,24
4282,39.93598,116.33694,83
4002,39.94525,116.35971,78
6954,40.20547,116.6524,54
205,40.0711,116.5644,69
856,39.88428,116.33675,79
3245,40.0106,116.5061,43
703,39.8494,116.37305,43
972,39.8142,116.35465,71
8114,39.91344,116.35778,82
1137,39.96494,116.47443,29
829,40.01415,116.49155,97
6789,39.89043,116.34843,28
8264,39.68932,116.56262,39
6433,40.00574,116.50312,91
6564,39.92033,116.42842,90
9407,40.00411,116.26674,87
479,39.87235,116.39602,39
2498,39.9741,116.37531,38
6691,40.07543,116.5819,76
6658,40.35858,116.45406,23
717,39.85125,116.36881,52
8467,39.87015,116.47171,37
4213,39.84358,116.43639,52
9821,39.94654,116.42765,36
6741,40.10074,116.37884,36
2233,39.97522,116.34471,48
8031,39.91425,116.47134,37
410,39.8917,116.40592,42
3120,39.88662,116.34683,47
5106,39.97597,116.50896,52
7828,39.92296,116.4172,95
6151,40.00325,116.36452,59
3388,40.07301,116.58086,96
6848,39.97853,116.38728,59
7984,39.85611,116.41039,73
3604,39.94275,116.34996,48
8057,39.66072,116.1956,45
1540,40.33794,116.55055,67
9476,39.8821,116.36812,45
9032,39.92264,116.29394,82
1777,39.90631,116.30097,86
5340,39.88287,116.31363,72
349,39.9222,116.27033,82
2222,40.14876,117.11531,65
6186,39.94127,116.4557,52
6994,39.97297,116.3957,83
754,39.96673,116.37484,62
1056,39.84811,116.23426,90
324,39.70318,116.17918,50
7481,39.97472,116.31914,44
1501,39.96235,116.4881,42
511,39.88017,116.43961,49
7848,39.89895,116.39387,27
5341,40.14489,117.1097,50
7354,39.87221,116.40226,98
7575,39.96912,116.33276,93
9869,39.89726,116.56575,77
4162,39.89547,116.30754,33
260,39.64487,116.49638,48
9879,39.74314,116.32781,51
1016,39.90591,116.35031,33
7417,39.94821,116.41337,50
7074,39.9657,116.34902,40
4539,40.02126,116.26216,82
4610,40.07104,116.5658,48
7040,40.01332,116.49107,89
563,39.94868,116.45591,46
1620,39.86798,116.37482,71
4593,39.98078,116.4498,69
7943,40.01415,116.67166,25
216,39.98759,116.46376,56
202,40.00739,116.34214,55
6084,39.96104,116.43327,65
2066,39.87034,116.44169,87
4175,40.04847,116.55648,62
8898,39.89563,116.49993,40
9512,40.14553,116.2405,82
1861,40.36667,116.81533,50
5193,39.91447,116.67773,78
6618,39.92254,116.36327,88
8538,40.09319,116.373,75
5693,39.94575,116.2633,96
7364,40.11355,116.4723,81
3902,39.93143,116.31948,34
1458,39.93197,116.38835,62
3673,39.93699,116.32226,60
3397,39.90411,116.37533,78
4467,40.22771,116.67272,79
2694,39.91301,116.5708,68
863,39.80159,115.9858,81
7768,40.18106,117.06249,56
673,39.80345,116.43081,63
7389,39.77854,116.29132,36
8121,39.85302,116.42088,24
8800,40.02047,116.41141,24
507,39.90841,116.5948,32
3199,39.74242,116.85815,41
6306,39.99094,116.33759,38
9629,39.87099,116.38422,83
5391,39.9369,116.42786,90
425,39.99627,116.37776,31
3689,40.16801,117.21229,76
9672,39.85525,116.3656,84
3218,39.66433,116.41723,93
1225,39.90645,116.31814,75
8069,39.9073,116.46345,60
3653,39.94272,116.08682,70
8585,39.95745,116.29109,43
7187,39.64104,116.01663,79
7292,39.99885,116.6704,47
7577,39.85289,116.31445,43
113,39.92302,116.56232,43
2902,39.8872,116.34176,93
7082,39.98033,116.4603,74
835,39.94677,116.39387,85
8368,39.85306,116.39432,44
2350,39.87027,116.39267,79
281,39.92198,116.34014,65
8308,39.85481,116.36262,48
9884,39.93612,116.39318,70
9175,39.89972,116.3042,22
1764,39.9194,116.4284,50
2720,40.02866,116.33546,62
5672,39.79,115.98068,57
2500,39.91593,116.41145,70
4404,39.92317,116.41118,81
6908,39.94811,116.40948,40
4900,39.92315,116.55763,59
6300,39.89863,116.37838,64
7574,39.95705,116.32481,56
8289,39.88328,116.30333,83
2158,40.20304,117.04849,49
561,40.10312,117.10805,27
5987,39.95329,116.44662,53
3114,39.90167,116.47075,82
4894,40.05398,116.12447,52
8856,39.89098,116.43824,98
7455,39.99156,116.35978,71
2279,39.91399,116.4007,96
28,39.91803,116.58076,76
203,39.90362,116.56022,35
4099,39.98964,116.33799,97
6232,39.88984,116.45558,97
7738,39.96168,116.34719,64
5636,39.93074,116.24517,24
1697,40.1707,116.38194,29
8670,39.7896,116.13762,53
9289,39.89207,116.24703,84
3107,39.91563,116.42868,97
4314,40.19955,116.71743,20
8677,40.10521,116.66056,81
8475,39.89586,116.34766,28
9008,39.85191,116.38077,86
4466,39.88188,116.35687,62
4085,39.88349,116.45498,68
3268,39.9229,116.54781,60
1948,39.92436,116.46557,85
7745,39.87498,116.45977,97
5698,39.90263,116.35744,78
2347,39.87417,116.36412,100
9290,40.16717,117.25745,55
6414,39.90324,116.4053,97
4255,39.90947,116.25852,86
946,0.0,7.0,96
9222,39.92682,116.32651,24
693,39.7093,116.44217,98
1623,39.95277,116.4249,66
6167,39.88101,116.32049,46
5167,39.89165,116.28605,30
1570,39.93255,116.09965,33
8609,38.52521,115.33799,88
4300,40.06319,116.57246,99
6828,39.8861,116.41906,81
3031,39.99129,116.32275,28
2398,39.75643,116.59203,35
7985,40.16455,117.0691,54
2838,39.92315,116.25855,91
115,39.69691,116.52918,59
3357,39.87318,116.30572,81
4760,39.91684,116.43224,34
9341,0.0,0.0,86
5249,39.92595,116.26958,36
419,39.9476,116.38753,78
5442,39.95622,116.28268,45
2835,39.93298,116.50667,86
9607,39.72276,116.7063,84
2088,39.89583,116.28792,70
7401,39.88045,116.46143,81
3454,39.90989,116.25856,91
5301,39.89804,116.43369,76
5654,39.94528,116.44147,83
6490,39.90521,116.42821,79
3545,40.04932,116.40547,67
3089,39.96125,116.27427,34
8934,39.98304,116.36345,20
8697,39.89779,116.49106,55
2105,39.94203,116.41048,76
5065,39.95119,116.42636,63
94,39.95746,116.40181,64
3325,39.91468,116.54834,86
7227,39.82459,116.44887,36
8468,39.9912,116.31762,69
1175,39.90362,116.46785,49
3514,39.90628,116.35014,89
843,39.87409,116.32607,85
4732,39.86733,116.34625,41
1792,39.88846,116.36818,85
2386,39.97801,116.29969,59
2067,39.87561,116.38142,26
9235,39.88903,116.66307,70
7088,39.97526,116.35629,50
6114,39.96654,116.41857,62
1433,39.94779,116.42621,76
6824,39.88319,116.43034,94
556,40.13539,117.11564,39
2506,39.99947,116.33403,56
8544,39.93949,116.44935,29
1536,39.87682,116.35842,67
9370,39.86755,116.55841,35
4045,40.21013,116.69917,57
8737,39.86869,116.40207,100
6035,39.85997,116.38658,68
696,39.91449,116.59069,57
8984,39.86841,116.34502,25
1276,39.89376,116.33488,33
8247,39.89831,116.37933,27
9860,40.18843,117.2049,71
6353,39.90089,116.45548,26
5502,39.90598,116.28946,72
4220,39.93688,116.41281,44
7486,40.15329,117.21857,69
6370,39.99788,116.4356,42
5633,39.93215,116.42872,33
882,48.2554,118.71615,100
5863,40.06227,116.50128,75
